ID,年度（平成）,問題番号,問題文,選択肢1,選択肢2,選択肢3,選択肢4,選択肢5,回答,解説
1,30,1,"次のａ～ｅの文は，測量法（昭和24 年法律第188 号）に規定された事項について述べたものである。
明らかに間違っているものだけの組合せはどれか。次の中から選べ。
　a. 　「測量作業機関」とは，測量計画機関の指示又は委託を受けて測量作業を実施する者をいう。
　b. 　「測量標」とは，永久標識，一時標識及び航路標識をいう。
　c. 　測量業を営もうとする者は，測量業者としての登録を受けなければならない。
　登録の有効期間は5年で，有効期間の満了後も引き続き測量業を営もうとする者は，更新の登録を受けなければならない。
　d. 　測量士又は測量士補となる資格を有する者は，測量士又は測量士補になろうとする場合においては，国土地理院の長に対してその資格を証する書類を添えて，測量士名簿又は測量士補名簿に登録の申請をしなければならない。
　e. 　「公共測量」とは，基本測量以外の測量で，実施に要する費用の全部又は一部を国又は公共団体が負担し，又は補助して実施する測量をいい，広域的測量又は大縮尺図の調製を除く。",a，d,a，e,b，c,b，e,c，d,4,"測量法に関する問題である。問題各文について考えると次のようになる。
a.　正しい。（測量法 第8条）測量作業機関に関する文章である。問題文の通り。
b.　間違い。（測量法 第10条）測量標に関する文章である。航路標識ではなく、「仮設標識」である。航路標識は航路標識法により定めがある。
c.　正しい。（測量法 第55条1,2,3）測量業者の登録及び登録の有効期間に関する文章である。問題文の通り。
d.　正しい。（測量法 第49条）測量士及び測量士補に関する文章である。問題文の通り。
e.　間違い。（測量法 第5条1）公共測量に関する文章である。広域的測量又は大縮尺図の調整ではなく、「局地的測量又は小縮尺図の調整」である。
よって、明かに間違っている文書はb,eとなる。"
2,30,2,"次の文は，国際地球基準座標系（International Terrestrial Reference Frame）（以下「ITRF」という。）などについて述べたものである。
明らかに間違っているものはどれか。次の中から選べ。",ITRF は，GNSS などの宇宙測地技術を用いた国際協力による観測に基づき構築・維持されている。,ITRF は，地球の重心を原点とした三次元直交座標系である。,ITRF のX 軸は東経90 度の子午線と赤道の交点を通る直線，Y 軸は経度0 度の子午線と赤道の交点を通る直線である。,ITRF で表す日本列島の位置のX，Y，Z の符号は，X は－，Y は＋，Z は＋である。,日本では，地球の形に近い回転楕円体の準拠楕円体として，GRS80 楕円体を採用している。,3,"世界測地系ITRF座標系に関する出題である。問題各文について考えると次のようになる。
1.　正しい。世界測地系は世界各国での共通利用を目的に、わが国を含む国際協力で構築されている。世界測地系は、VLBI、GNSS等の高精度な宇宙測地技術により構築維持されている。
2.　正しい。ITRF系は三次元直交座標系の測地基準系である。ITRF系による地球上の位置は、地球の重心を原点としたＸ,Ｙ,Ｚの三次元直交座標で表すことができる。
3.　間違い。Ｘ軸をグリニッジ子午線（経度0度）と赤道との交点方向に、Ｙ軸を東経90度の方向に、Ｚ軸を北極の方向としている。
4.　正しい。広義での日本列島はおおよそ東経122°～154°に位置している。これを考えると問題文の通りである。
5.　正しい。わが国においてはITRF座標系GRS80楕円体を使用し、標高については東京湾平均海面を基準としている。
よって、明かに間違っているのは３となる。"
3,30,3,"次の文は，地理情報標準プロファイル（以下「JPGIS」という。）について述べたものである。
明らかに間違っているものはどれか。次の中から選べ。",JPGIS は，空間データを異なるシステム間で相互利用する際の互換性の確保を主な目的に，空間データの整備及び利用の際のルールを規定したものである。,JPGIS は，国際標準化機構（ISO）が定めた空間データに関する国際規格及び日本工業規格（JIS）の中から，実利用に必要な部分を取り出して体系化したものである。,JPGIS に準拠する応用スキーマで定義された空間データの符号化には，統一モデル化言語（UML：Unified Modeling Language）を使用する。,測量計画機関が公共測量を実施するときは，得ようとする測量成果の種類，内容，構造，品質などを示す製品仕様書を，JPGIS に準拠して定めなければならない。,JPGIS に定められているメタデータは，空間データに関する説明情報で，その記述方式として国際規格に準拠した日本版メタデータプロファイルであるJMP2.0 が定められている。,3,"JPGISに関する問題である。問題各文について考えると次のようになる。
1.　正しい。問題文の通り。GISの基盤となる空間データを、国際規格及び国内規格に準じて、データの設計、品質、記述方法、仕様の書き方等のルールを規定した実用標準である。
2.　正しい。JPGISは標準規格として地理情報標準に関する国際規格（ISO）と地理情報標準に関する国内規格（JIS）から必要最低限の要素を抽出して実用規格としてまとめたものである。
3.　間違い。空間データの符号化とは空間データをコンピュータが扱えるようにデジタルデータ（プログラミング言語）化することである。この符号化方法としてオープン規格であるXML（Extensible Markup Language）が使用される。
4.　正しい。作業規程の準則に「製品仕様書は得ようとする測量成果の種類、内容、構造、品質等を示す仕様書（製品仕様書）をJPGISに準拠するものとする。」とある。
5.　正しい。JPGISでは、製品仕様書の作成について規定されている。国土地理院ではJPGISに準拠したメタデータ記述形式としてJMP2.0を定めている。JMPとは日本版メタデータプロファイル（ Japan Metadata Profile ）の略称で、そのバージョンが2.0であるものをJMP2.0と言う。
よって、明かに間違っているのは３となる。"
4,30,6,"次の文は，測量法（昭和24 年法律第188 号）における測量の基準について述べたものである。
明らかに間違っているものはどれか。次の中から選べ。","基本測量及び公共測量における位置は，地理学的経緯度及び平均海面からの高さで表示する。
また，地心直交座標で表示することもできる。",基本測量及び公共測量における距離及び面積は，測量法で規定する回転楕円体の表面上の値で表示する。,測量の原点である日本経緯度原点及び日本水準原点の原点数値は，政令で定められており，セミ・ダイナミック補正により定期的に改正されている。,測量法で規定する回転楕円体の長半径及び扁平率の数値は，政令で定められている。,測量法で規定する回転楕円体は，その中心が地球の重心と一致し，その短軸が地球の自転軸と一致する。,3,"測量法における「測量の基準」に関する問題である。問題各文について考えると次のようになる。

1.	正しい。測量法11条1の文章である。基本測量及び公共測量における位置は、地理学的経緯度及び平均海面からの高さで表示する。また、直角座標及び平均海面からの高さ、極座標及び平均海面からの高さ又は地心直交座標で表示する。

2.	正しい。測量法11条2の文章である。いわゆる世界測地系（準拠楕円体）上の値で表示する。

3. 間違い。測量法11条4の文章である。経緯度原点及び水準原点の政令は測量法施行令 2条1-2,2-2であり、近年の改正は、2011年の東北地方太平洋沖地震である。
セミ・ダイナミック補正により改正されるのは、地殻変動補正パラメータである。

4.	正しい。測量法11条3-1の文章である。政令は測量法施行令3条1,2項で、長半径 6,378,137ｍ、扁平率1/298.257222101 である。

5.	正しい。測量法11条3-2,3の文章である。その他に「長半径及び扁平率が、地理学的経緯度の測定に関する国際的な決定に基づき政令で定める値であるものであること。」とある。

よって、明かに間違っているのは３となる。"
5,30,7,"次のａ～ｃの文は，公共測量において実施するトータルステーション（以下「TS」という。）を用いた基準点測量の精度管理について述べたものである。
　ア　 ～ 　エ　 に入る語句の組合せとして最も適当なものはどれか。次の中から選べ。

　a. 　気象補正前の測定距離は，気温が上がった場合は 　ア　 ，気圧が下がった場合は 　イ　 など，気象条件の影響を受ける。
　b. 　偏心点を設ける場合，偏心距離は 　ウ　 の6 分の1 以下でなければならない。
　c. 　電子基準点や，電子基準点のみを既知点として設置された基準点を既知点とする4 級基準点測量では，2 級以上の性能を有するTS を使用する場合は， 　エ　 の条件が緩和される。",短くなり　　短くなる　　測点間距離　　路線の辺数及び路線長,短くなり　　長くなる　　新点間距離　　路線の辺数及び節点間の距離,長くなり　　長くなる　　新点間距離　　既知点数及び路線図形,短くなり　　短くなる　　測点間距離　　既知点数及び路線図形,長くなり　　長くなる　　測点間距離　　路線の辺数及び路線長,1,"TSによる基準点測量に関する問題である。ア～エに正しい語句を当てはめると次のようになる。

ア：短くなり
イ：短くなる

TSの距離補正計算は次の通りである。
①　図のため省略
D：気象補正後の距離　
DS：観測距離　
ｎS：TSが採用している標準屈折率（1＋⊿S）　
ｎ：気象観測から得られた屈折率（1＋⊿n）

ここで、⊿nは次式によって求められる。

②　図のため省略
ここで、①式を変形して気象補正前の距離を考えると次のようになる。
　　図のため省略

③　図のため省略
α：定数　
t：気温　
P：気圧 　
E：0.6×10－６

　②、③式より気温が上がれば⊿ｎの値は小さくなり、気象補正前の距離は短くなる。
　また、同様に気圧が下がれば同様に⊿ｎの値は小さくなり、気象補正前の距離は短くなる。

ウ：測点間距離
作業規程の準則 第23条2 １～４級基準点測量における偏心距離の制限は、S/e≧6 ここで、Sは「測点間距離」とある。
電子基準点のみを既知点とする場合は「新点間の距離」である。

エ：路線の辺数及び路線長
作業規程の準則 第23条2 （第35条2）によると、２級以上のTS、２級以上のGNSS、２級以上のセオドライト及び測距儀を用いる場合が該当する。
条件の緩和については結合多角方式の場合、路線の辺数が10から15辺以下に、路線長は500ｍから700ｍ以下となる。

　よって、正しい語句の組合せは１となる。"
6,30,9,"次の文は，我が国の準天頂衛星システムの特徴や仕組みについて述べたものである。
明らかに間違っているものはどれか。次の中から選べ。",準天頂衛星には，日本における衛星測位の利用可能エリアや利用時間帯を広げる効果がある。,準天頂衛星の測位信号は，日本以外でも東南アジア，オセアニア地域で受信可能である。,GPS 衛星３機，準天頂衛星１機及びGLONASS 衛星２機の組合せで，公共測量における基準点測量を行うことができる。,GNSS 測量において準天頂衛星は，GPS 衛星と同等の衛星として使用することができる。,準天頂衛星は，GPS 衛星と同じ軌道上を周回している。,5,"我が国の準天頂衛星（みちびき：初号機：QZS-1）に関する問題である。みちびきは現在4号機（QZS-4）まで打ち上げられている。
問題各文について考えると次のようになる。

1.	正しい。安定した位置情報を得るためには、より多くの衛星が見えることが望ましい。
しかし、GPS衛星は都市部や山間部ではビルや樹木などに電波が遮られて可視衛星数が減り、位置情報が安定的に得られないことがある。
準天頂衛星はGPSと一体で利用できるため、常時安定した高精度測位を行うことを可能とする衛星数を確保することができる。

2.	正しい。準天頂衛星は日本のほぼ上空に滞留し、日本～インドネシア～オーストラリアのあたりを8の字の特殊な軌道を描いている。
準天頂衛星は常時測位信号を送信しているため、日本だけではなくアジア・オセアニア地域でも受信できる。

3.	正しい。基準点測量においてGLONASS衛星を用いて観測する場合は、GPS・準天頂衛星及びGLONASS衛星を、それぞれ２衛星以上を用いる必要がある。
準天頂衛星は、GPS衛星と同等の衛星として扱うことができるため問題はない。

4.	正しい。作業規程の準則に「準天頂衛星は、GPS衛星と同等の衛星として扱うことができるものとし、これらの衛星をGPS・準天頂衛星と表記する。」とある。

5. 間違い。準天頂衛星は傾斜対地同期軌道（IGSO）と呼ばれる軌道である。
日本のほぼ上空に滞留し、日本～インドネシア～オーストラリアのあたりを8の字の特殊な軌道を描いている。
これに対して、GPS衛星は中高度軌道（MEO）と呼ばれる軌道（周期12時間、軌道高度2万200kmで周回）を採用している。

　よって、明かに間違っているのは５となる。"
7,30,11,"次の文は，公共測量におけるGNSS 測量機を用いた標高の測量（以下「GNSS 水準測量」という。）について述べたものである。
　ア　 ～ 　エ　 に入る語句の組合せとして最も適当なものはどれか。次の中から選べ。

GNSS 水準測量では，高精度な 　ア　 を用いることにより，近傍に水準点がない場合でも３級水準点が設置できる。
GNSS 水準測量を実施する場合は，既知点は一， 二等水準点， 　イ　 で標高が取り付けられた電子基準点又は１，２級水準点を使用する。
観測は，平均図などに基づき 　ウ　 により観測を行う。
なお，電波の 　エ　 は標高に大きく影響する場合があることから，作業地域の気象条件には十分注意する必要がある。",重力モデル　　GNSS 水準測量　　スタティック法　　大気遅延,ジオイド・モデル　　測標水準　　ネットワーク型RTK 法　　電離層遅延,重力モデル　　水準測量　　ネットワーク型RTK 法　　大気遅延,ジオイド・モデル　　GNSS 水準測量　　キネマティック法　　電離層遅延,ジオイド・モデル　　水準測量　　スタティック法　　大気遅延,5,"GNSS測量による標高の測量マニュアル（H29.2）に関する問題である。
問題文のア～エに正しい語句を当てはめると次のようになる。

ア：ジオイド・モデル
　　高精度化されたジオイド・モデル「日本のジオイド2011 ver.2」が整備された。
　　これによりGNSS水準測量が実施できるようになった。

イ：水準測量
　　GNSS水準測量を行う場合の既知点の種類は、一～二等水準点、電子基準点（「標高区分：水準測量による」に限る）、１～２級水準点である。
　　また既知点数は３点以上である。

ウ：スタティック法
　　GNSS水準測量はスタティック法により観測を行う。
　　使用衛星数はGPS・準天頂衛星の場合５衛星以上、GPS・準天頂衛星及びGLONASSの場合６衛星以上である。

エ：大気遅延
　　作業地域の気象条件に注意する必要があるのは、電波の大気による遅延（大気遅延）である。
　　大気遅延は基線解析ソフトに設定されている標準値を用いて補正され、電離層遅延はL1L2の２周波数帯の組合せで消去される。
　　対流圏遅延のこと。

　よって、最も適当な語句の組合せは５となる。"
8,30,12,"次のａ～ｅの文は，水準測量における誤差などについて述べたものである。
明らかに間違っているものだけの組合せはどれか。次の中から選べ。

　a. 　１級水準測量では，標尺目盛を後視，前視，前視，後視の順に読定することにより，三脚の沈下による誤差を小さくすることができる。
　b. 　観測中，日傘や覆いを用いてレベルへの直射日光を避けるのは，熱膨張による影響を避けるためである。
　c. 　鉛直軸誤差は，望違鏡の鉛直軸が傾いているために生じる誤差である。この誤差は，三脚の特定の１本を常に同一の標尺に向けて整置し，観測することで小さくすることができる。
　d. 　標尺の誤差として零点誤差と標尺目盛誤差がある。零点誤差は往観測と復観測で標尺を入れ替えることにより小さくすることができ，標尺目盛誤差は，観測点数を偶数にすることにより小さくすることができる。
　e. 　1 級水準測量における標高値の補正計算では，正標高補正計算に代えて実測の重力値を用いた正規正標高補正計算を用いることができる。",a，b，c,a，d，e,b，c,c，d,d，e,5,"レベルを用いた水準測量における誤差とその消去法に関する問題である。
問題各文について考えると次のようになる。

a.	正しい。この方法により三脚が等速で微小な沈下であれば沈下による誤差を小さくすることができる。
チルチングレベルやオートレベルでは、後視小目盛→前視小目盛→前視大目盛→後視大目盛と標尺を読定する。

b.	正しい。気泡管（チルチング）レベルを用いる場合は問題文の理由から必要である。
オートレベルはコンペンセータが用いられているので省略できる。
電子レベルは内部の温度上昇を防ぐために直射日光を避ける必要がある。

c.	正しい。鉛直軸誤差の軽減方法である。
鉛直軸誤差は，望違鏡の鉛直軸が傾いているために生じる誤差である。
この誤差は，三脚の特定の１本を常に同一の標尺に向けて整置し，観測することで小さくすることができる。


d. 間違い。零目盛誤差は往路と復路の標尺を入替えることや測定回数を偶数回にすることにより小さくできるが、目盛誤差は防ぐことができない。

e. 間違い。１級水準測量では、「正規正標高補正（楕円補正）」に代えて「正標高補正（重力値による補正）」を用いることができる。問題文は逆である。

　よって、明かに間違っているものの組合せは、５のｄ，ｅである。"
9,30,15,"次の文は，公共測量における地形測量のうち，GNSS 測量機を用いた現地測量について述べたものである。
明らかに間違っているものはどれか。次の中から選べ。",使用する測量機は，２級以上の性能を有するGNSS 測量機とする。,GLONASS 衛星を用いてキネマティック法により観測する場合は，GPS 衛星及びGLONASS 衛星をそれぞれ２衛星以上用い，合計６衛星以上使用する。,GPS 衛星のみでRTK 法により観測を行う場合，使用する衛星数は4 衛星以上とし，セット内の観測はFIX 解を得てから10 エポック以上行うことを標準とする。,ネットワーク型RTK 法による地物，地形などの測定は，間接観測法又は単点観測法により行う。,標高を求める場合は，国土地理院が提供するジオイド・モデルを使用する。,3,"GNSS測量機を用いた現地測量に関する問題である。
問題各文について考えると次のようになる。
※準天頂衛星は、GPS衛星と同等の衛星として扱うことができるので、問題文中のGPS衛星は「GPS・準天頂衛星」と考えられる。

1.	正しい。現地測量に使用する機器として、２級GNSS測量機以上とされている。

2.	正しい。キネマティック法またはRTK法よる地形、地物等の測定では、GLONASS衛星を用いて観測する場合は、使用衛星数は６衛星以上。
ただし、GPS・準天頂衛星及びGLONASS衛星を、それぞれ２衛星以上用いること。とされている。

3. 間違い。キネマティック法またはRTK法による地形、地物等の測定では、GPS・準天頂衛星を使用する場合、使用衛星数は「５衛星以上」とされている。

4.	正しい。問題文の通りである。

5.	正しい。キネマティック法またはRTK法、ネットワーク型RTK法による地形、地物等の測定では標高を求める場合、問題文のように国土地理院が提供するジオイド・モデルより求めたジオイド高を用いて楕円体高を補正して求める。

　よって、明らかに間違っているのは３となる。"
10,30,18,"次のａ～ｅの文は，公共測量における空中写真測量について述べたものである。
明らかに間違っているものだけの組合せはどれか。次の中から選べ。
　　 　
a. 　対空標識の設置とは，同時調整及び数値図化において基準点，水準点，標定点などの写真座標を測定するため，基準点などに一時標識を設置する作業をいう。
b. 　撮影計画においては，全ての主点位置が撮影区域内に収まるように設定する。
c. 　GNSS/IMU 装置を用いた撮影では，IMU の累積誤差を考慮し，撮影コース長をおおむね15 分以内で撮影できる距離とする。
d. 　同時調整とは，各写真の外部標定要素の成果値並びにパスポイント，タイポイントなどの水平位置及び標高を計算する作業をいう。
e. 　数値図化において標高点の水平位置の許容誤差は，地図情報レベル2500 の場合0.6 m 以内である。",a，c,a，d,b，d,b，e,c，e,4,"空中写真測量に関する問題である。問題各文について考えると次のようになる。

a.	正しい。対空標識設置の要点である。問題文の通り。


b. 間違い。撮影計画では撮影区域を完全にカバーするため、撮影コースの始めと終わりの撮影区域外をそれぞれ最低１モデル以上設定する必要がある。。


c.	正しい。撮影コース長を長くとると、飛行機の姿勢（IMU）誤差が累積して大きくなり、位置（GNSS）の値と精度が大きく離れてしまうため、問題文のように定めてある。


d.	正しい。同時調整の要点である。問題文の通り。空中三角測量により、パスポイント、タイポイント、標定点の写真座標を測定し、標定点成果及び外部標定要素を統合して調整計算を行う。


e. 間違い。標高点の較差の許容範囲は地図情報レベル2,500では0.4ｍ以内である。
0.6ｍは地図情報レベル5,000である。

　よって、明かに間違っているものの組合せは４となる。"
11,30,20,"次のａ～ｅの文は，人工衛星からのリモートセンシングについて述べたものである。
明らかに間違っているものだけの組合せはどれか。次の中から選べ。

a. 　合成開口レーダ（SAR）は，マイクロ波を対象物に照射し，対象物からの反射波を観測するため，夜間も観測することができる。
b. 　熱赤外線リモートセンシングは，対象物からの熱放射を観測するため，夜間も観測することができる。
c. 　リモートセンシングで一般的に扱われる電磁波の波長域には，波長の長い順に可視光域，赤外域，マイクロ波域などがある。
d. 　地上画素寸法の小さいグレースケール画像と地上画素寸法の大きいカラー画像を用いて，グレースケール画像と同じ地上画素寸法で判読性の向上したカラー画像を生成することができる。
e. 　光学センサで広く採用されているプッシュブルーム走査方式のラインセンサでは，人工衛星の進行とともに帯状に画像を取得しており，その画像は正射投影画像である。",a，b,a，d,b，e,c，d,c，e,5,"a.	正しい。合成開口レーダ（マイクロ波センサー）はマイクロ波（可視光線や赤外線より波長が長い）を地上に発射しその反射波を受信する。
このため、昼夜を問わず悪天候でも観測が行える。

b.	正しい。物体からの放射熱を観測するためその温度を測定することができ、地面や海の表面温度、火山活動や山火事等の状況を知ることができる。
熱赤外リモートセンシングは、雲がなければ夜間でも地表を観測することができる。

c. 間違い。波長の長い順ではなく短い順である。波長の短い順に並べると次のようになる。
γ線 → X線 → 紫外線 → 可視光線 → 赤外線 → マイクロ波

d.	正しい。グレー画像は白黒の濃淡が256諧調で表示され、カラー画像は三原色（RGB）で色を表示する。
画素の大きいカラー画像の中に画素の小さいグレースケールの濃淡を表示すれば同色でもその濃淡により判読性の向上したカラー画像が生成される。

e. 間違い。プッシュブルーム方式のようなラインセンサは、センサ取付け直下点の軌跡に対して両側に倒れ込むように写る（一次元中心投影）。
正射投影画像ではない。リモートセンシングの主なセンサタイプは、中心投影方式（フレーム、ライン、ポイントの各センサ）と非中心投影方式（レーダ、合成開口レーダ）に大別される。

　よって、明かに間違っている文書の組合せは５となる。"
12,30,22,"次のａ～ｅの文は，地図投影法について述べたものである。
明らかに間違っているものだけの組合せはどれか。次の中から選べ。

a. 　地図投影法は，三次元立体である地球の表面に存在する地物の位置や形を，できるだけ正しく平面に描くための方法である。
b. 　正距図法は，地球上の任意の2 地点間の距離が，同一の縮尺で地図上に表示される図法である。
c. 　正積図法は，地球上の任意の範囲の面積が，縮尺に応じて地図上に正しく表示される図法である。
d. 　地図上において，正距図法と正積図法の性質を同時に満足させることは，理論上可能である。
e. 　ガウス・クリューゲル図法は，正角円錐図法の一種で，回転楕円体から平面に直接投影を行うものであり，大・中縮尺地図の図法として多く用いられている。",a，c,a，e,b，d,b，e,c，d,4,"問題各文について考えると次のようになる。

a.	正しい。地図投影法とは球面から平面上への投影方法である。
地図の目的によって各投影法の選択が行われる。

b. 間違い。正距図法とは任意の２点間の距離が地球上の距離と正しい比率で表される図法である。

c.	正しい。問題文を言換えると、地図上の任意地点の面積と対応する地球上の面積を正しい比率で表す投影法である。

d.	正しい。理論上不可能なのは、正積図法と正角図法の性質を同時に満足させることである。

e. 間違い。正角円錐図法ではなく、正角横円筒図法である。

　よって、明らかに間違っているものの組合せは、４のb,eとなる。"
13,30,24,"地理情報標準プロファイル（JPGIS）におけるメタデータに，次のａ～ｃの情報を記述したい。
それぞれの情報を記述するメタデータ項目の名称の組合せとして最も適当なものはどれか。次の中から選べ。

a. 　データの更新頻度に関する情報
b. 　データの再配布に関する禁止事項
c. 　データの作成に使用した原典データに関する情報

　　　a 　　　b 　　　c",保守情報　　　制約情報　　　系譜,保守情報　　　制約情報　　　参照系情報,保守情報　　　配布情報　　　参照系情報,品質情報　　　制約情報　　　参照系情報,品質情報　　　配布情報　　　系譜,1,"選択肢にあるメタデータ項目に関して考えると次のようになる。

保守情報　：空間データ製品の更新時期や頻度など
品質情報　：完全性、論理一貫性、位置正確度、時間正確度、主題正確度
制約情報　：使用に関する制約情報
配布情報　：デー他製品配布に関する情報
系譜　　　：元情報、作成過程（当該データ集合に至るまでの過去の記録や履歴など）
参照系情報：座標及び時間参照系への参照情報

これらより問題文にあるメタデータ項目は、
a.	保守情報
b.	制約情報
c.	系譜
となる。

よって、最も適当なものの組合せは１となる。"
14,30,26,"次の文は，公共測量における用地測量について述べたものである。
明らかに間違っているものはどれか。次の中から選べ。",公図等転写連続図の作成において，隣接する公図間で境界の線形に相違があったが，公図に記載されている境界をそのまま転写し，接合部を合致させるための調整は行わなかった。,境界と思われる箇所に既設の標識が設置されていたため，関係権利者の立会いは求めず，それを境界点とした。,境界測量のため現地において境界点を測定し，その座標値を求める作業を行うこととしたが，近くに基準点がなかったことから，新たに補助基準点を設置した。,境界点間測量は，境界点の精度確認のために行う作業であり，隣接する境界点間の距離について，全辺の距離を測定する必要がある。,用地測量の成果として，用地実測図データファイルと用地平面図データファイルを作成した。,2,"用地測量に関する問題である。問題各文について考えると次のようになる。

1.	正しい。転写連続図を作成するために無理な接合の合致は行わず、その間に余白を取って記載されているままに転写して作成する必要がある。

2. 間違い。境界確認においては、関係権利者立合いの上で境界点を確認する必要がある。
また既設の標識が設置されている場合は、関係権利者の同意を得てそれを境界点とすることができる。

3.	正しい。境界測量は、近傍の４級基準点以上の基準点に基づき、放射法等により行うものとする。
ただし、やむを得ない場合は、補助基準点を設置し、それに基づいて行うことができる。

4.	正しい。境界点間測量は境界点と用地境界杭を設置した点との距離を全辺において現地で測定するものである。

5.	正しい。問題文の通りである。"
15,30,28,"国土交通省では，ICT（情報通信技術）の全面的な活用などの施策を建設現場に導入することによって，建設生産システム全体の生産性向上を図り，もって魅力ある建設現場を目指す取組であるi-Construction（アイ・コンストラクション）を進めている。
次の文は，公共測量として行うi-Construction における測量で整備する三次元点群データについて述べたものである。
明らかに間違っているものはどれか。次の中から選べ。",三次元点群データは，地形や地物を表現するための，位置や高さなどの情報を持つ点の集まりである。,三次元点群データを取得する測量手法として，車載写真レーザ測量（移動計測車両による測量）や航空レーザ測量，無人航空機（UAV）による空中写真を用いる測量などがある。,無人航空機（UAV）による空中写真を用いる測量であれば，どのような場所でも地形の三次元点群データが作成できる。,三次元点群データを利用して，断面図作成や土量計算などを行うことができる。,三次元点群データは，測量計画機関が指定する形式で作成する。,3,"三次元点群データに関する問題である。問題各文について考えると次のようになる。
三次元点群データとは、コンピュータで扱える点群（点の集合体）でそれぞれの点が三次元（x､y､z）座標値を持つデータである。

1.	正しい。三次元点群データを利用して平面図や立面図など様々な図面の全てを描くことができる。

2.	正しい。三次元点群データを取得するには、三次元レーザスキャナや写真解析データを利用する方法がある。

3. 間違い。空中写真で撮影できる場所ならば問題はないが、森林の中やトンネル部の内壁など、空中写真で撮影できない場所は点群データを得ることはできない

4.	正しい。点群データを結ぶことによって、各種図面やこれを利用した問題文のようなことが行える。

5. 正しい。問題文の通り。国土交通省では「LandXML1.2 に準じた３次元設計データ交換標準（案）」において、三次元設計データをLandXML に準拠した形式で表記することとしている。"
16,29,1,"次のa ～ e の文は, 測量法（昭和24 年法律第188 号）に規定された事項について述べたものである。
明らかに間違っているものだけの組合せはどれか。次の中から選べ。

a. ｢基本測量及び公共測量以外の測量」とは，基本測量又は公共測量の測量成果を使用して実施する基本測量及び公共測量以外の測量（建物に関する測量その他の局地的測量又は小縮尺図の調製その他の高度の精度を必要としない測量で政令で定めるものを除く。）をいう。
b. 基本測量及び公共測量以外の測量を実施しようとする者は，あらかじめ，国土交通省令で定めるところにより，その旨を国土地理院の長に届け出なければならない。
c. 測量計画機関は，自ら測量作業機関となることはできない。
d. 基本測量の測量成果及び測量記録の謄本又は抄本の交付を受けようとする者は，国土交通省令で定めるところにより，国土地理院の長に申請をしなければならない。
e. 技術者として基本測量又は公共測量に従事する者は，測量士又は測量士補でなければならない。",a ，b,a ，d,b ，c,c ，e,d ，e,3,"測量法に関する問題である。問題各文について考えると次のようになる。

a.	正しい。「基本測量及び公共測量以外の測量」とは、基本測量又は公共測量の測量成果を使用して実施する基本測量及び公共測量以外の測量である（測量法 第6条）。

b. 間違い。国土交通省令で定めるところにより、その旨を国土交通大臣に届け出なければならない。
国土地理院の長ではない。（測量法 第46条）

c.	間違い。測量計画機関が、自ら計画を実施する場合には、測量作業機関となることができる。（測量法 第7条）

d.	正しい。測量成果の公開（測量法 第28条）に関する文章である。

e.	正しい。登録された測量士又は測量士補でなければならない（測量法 第48条）。


　よって、明らかに間違っている文章はｂ、ｃである。

　※ｅの文章も厳密には「登録された測量士又は測量士補」である。
　しかし問題文を見ると、明らかにｂ、ｃが間違っているためｅは入っていないが３を選択するべきである。"
17,29,2,"次の文は，国際地球基準座標系（International Terrestrial Reference Frame）（以下「ITRF」という。）について述べたものである。 
ア ～ エ に入る語句の組合せとして最も適当なものはどれか。次の中から選べ。

ITRF は，GNSS などの宇宙測地技術を用いた国際協力による観測に基づき構築・維持されている，三次元直交座標系の測地基準系である。
その座標系で表す地球上の位置は， 　ア　 を原点としたX，Y，Z の三次元直交座標で表すことができ， 　イ　 軸は東経90 度の子午線と赤道の交点を通る直線， 　ウ　 軸は経度0 度の子午線と赤道の交点を通る直線とし， 　エ　 軸は回転楕円体の短軸と一致している。",地球の重心 Z Y X,北極点 X Y Z,地球の重心 X Y Z,北極点 Y X Z,地球の重心 Y X Z,5,"ITRF座標系に関する出題である。ITRFに関しては、次の図を理解すればよい。

　ITRF座標系は、GRS80と整合するように作成された座標系で、地球の重心に原点を置き、Ｘ軸をグリニッジ子午線（基準子午線：経度0度）と赤道との交点方向に、Ｙ軸を東経90度の方向に、Ｚ軸を北極の方向にとって、空間上の位置をＸ,Ｙ,Ｚの座標で表すものである。
　図のため省略

　ア～エに正しい語句を当てはめると次のようになる。

ア：地球の重心：ITRF座標系の原点は、地球の重心である。
イ：Ｙ：図を参照
ウ：Ｘ：図を参照
エ：Ｚ：図を参照

　よって正しい語句の組合せは５となる。"
18,29,3,"次の文は，公共測量における測量作業機関の対応について述べたものである。
明らかに間違っているものはどれか。次の中から選べ。",現地での測量作業において，作業者の安全の確保について適切な措置を講じるよう努めた。,作業計画の立案を十分な実務経験のある測量士補に担当させ，工程管理及び精度管理は測量士に担当させた。,現地作業員から測量作業地に柵で囲まれている場所があると連絡があった。立入りのため，あらかじめ土地の占有者に通知した。,基準点測量において，既知点とする基準点を設置した測量計画機関から測量標及び測量成果の使用の承認を得るとともに，成果表の謄本の交付を受けた。,測量計画機関から検定を受けるように指定された測量成果について，検定に関する技術を有する第三者機関に検定を依頼した。,2,"測量作業機関が公共測量を行う場合の留意点に関する問題である。問題各文について考えると次のようになる。


1.	正しい。問題文の通り。作業機関は、特に現地での測量作業において、作業者の安全の確保について適切な措置を講じなければならない（作業規程の準則 第10条1）。

2. 間違い。作業計画の立案、工程管理及び精度管理を総括する者として、主任技術者を選任しなければならない（作業規程の準則 第9条2）。
主任技術者は、測量法第49条の規定に従い登録された測量士であり、かつ、高度な技術と十分な実務経験を有する者でなければならない（作業規程の準則 第9条3）。

3.	正しい。宅地又はかき、さく等で囲まれた土地に立ち入ろうとする者は、あらかじめその占有者に通知しなければならない。
但し、占有者に対してあらかじめ通知することが困難であるときは、この限りでない（測量法 第15条2）。
公共測量では測量法に基づく権能が発生。

4.	正しい。基本測量の測量成果を使用して基本測量以外の測量を実施しようとする者は、国土交通省令で定めるところにより、あらかじめ、国土地理院の長の承認を得なければならない（測量法 第30条1）。
公共測量では測量法に基づく義務が発生。

5.	正しい。計画機関が指定する測量成果は、検定に関する技術を持つ第三者機関による検定を受けなければならない（作業規程の準則 第15条）。

　よって、明らかに間違っているものは２となる。"
19,29,4,"次のa ～ e の文は，地理情報標準プロファイル（以下「JPGIS」という。）について述べたものである。
明らかに間違っているものだけの組合せはどれか。次の中から選べ。

a. JPGIS は，空間データを異なるシステム間で相互利用する際の互換性の確保を主な目的に，空間データの整備及び利用の際のルールを規定したものである。
b. JPGIS で定義する概念スキーマは，HTML（HyperText Markup Language）を使用して記述する。
c. JPGIS を利用することで，空間データの種類，内容，構造，品質などを共通のルールで明確に記述した製品仕様書を作成することができる。
d. JPGIS に定められているメタデータは，空間データに関する説明情報で，その記述方式として国際規格に準拠した日本版プロファイルであるMDP2011 が定められている。
e. 国土地理院が整備した基盤地図情報は，JPGIS に準拠して作成されており，インターネットで公開されている。",a ，b,b，c,b，d,c，e,d ，e,3,"JPGISに関する問題である。問題各文について考えると次のようになる。

a.	正しい。問題文の通り。GISの基盤となる空間データを、国際規格及び国内規格に準じて、データの設計、品質、記述方法、仕様の書き方等のルールを規定した実用標準である。

b. 間違い。概念スキーマ（GIS要素のデータベース）は、統一モデル化言語（UML：Unified Modeling Language）を使用して記述する。

c.	正しい。製品仕様書は空間データの仕様を詳細に記述したものであり、共通のルールで記述することにより、設計書と取扱説明書との役割を果たしている。

d. 間違い。国土地理院では、JPGISに準拠したメタデータ記述形式としてJMP2.0を定めている。 
JMPとは日本版メタデータプロファイル（ Japan Metadata Profile ）の略称でバージョンが2.0と言う意味である。

e.	正しい。国土地理院のサイトからダウンロードできる。


　よって、明らかに間違っているのは３のｂ，ｄとなる。"
20,29,6,"次の文は，測量法（昭和24 年法律第188 号）における測量の基準について述べたものである。
明らかに間違っているものはどれか。次の中から選べ。",基本測量及び公共測量における位置は，天文学的経緯度及び平均海面からの高さで表示する。また，地心直交座標で表示することもできる。,測量法で規定する回転楕円体の長半径及び扁平率の数値は，政令で定められている。,基本測量及び公共測量における距離及び面積は，測量法で規定する回転楕円体の表面上の値で表示する。,測量の原点は，離島の測量等の場合で国土地理院の長の承認を得たときを除き，日本経緯度原点及び日本水準原点とする。,日本経緯度原点及び日本水準原点の原点数値は，政令で定められている。,1,"測量法における「測量の基準」に関する問題である。問題各文について考えると次のようになる。

1. 間違い。測量法11条1の文章である。
基本測量及び公共測量における位置は、地理学的経緯度及び平均海面からの高さで表示する。
また、直角座標及び平均海面からの高さ、極座標及び平均海面からの高さ又は地心直交座標で表示する。
天文学的経緯度ではなく、地理学的経緯度である。

2.	正しい。測量法11条3-1の文章である。
政令は測量法施行令3条1,2項で、長半径 6,378,137ｍ、扁平率1/298.257222101 である、

3.	正しい。測量法11条2の文章である。
いわゆる世界測地系（準拠楕円体）上の値で表示する。

4.	正しい。測量法11条3の文章である。

5.	正しい。測量法11条4の文章である。
日本経緯度原点及び日本水準原点の原点数値は、政令で定められている。
政令は測量法施行令 2条1-2,2-2であり、経緯度原点は、東経139°44′28.8869″、北緯35度39分29.1572″、水準原点、24.3900ｍである。


　よって、明らかに間違っている文章は１となる。"
21,29,7,"次の文は，測量における誤差について述べたものである。 
ア ～ オ に入る語句の組合せとして最も適当なものはどれか。次の中から選べ。

一般に観測値は，観測するごとにわずかに異なった値となる。この観測値と 　ア　 との差を誤差という。
測量では，十分な注意を払って観測を行っても 　ア　 を求めることはできない。
したがって，複数の観測値から 　イ　 を統計的に推定する。
測量における誤差には，測量機器が正常に機能していない場合や，観測者に固有の癖がある場合に一定の傾向で生じる 　ウ　 誤差と，観測者が注意しても避けることができない 　エ　 誤差がある。
観測者の不注意によって生じる測定値の誤りを 　オ　 誤差として，誤差に含めることもある。",真値　　最確値　系統　偶然　過失,最確値　真値　　系統　偶然　異常,最確値　真値　　偶然　系統　異常,真値　　最確値　偶然　系統　過失,最確値　真値　　偶然　系統　過失,1,"観測値の誤差に関する問題である。適当な語句を当てはめると次のようになる。

ア：真値：真値＝正しい値である。

イ：最確値：観測では真値を求めることはできない。
そこで、観測作業を繰り返し行い最も確からしい値である、最確値を求める。
真値＝最確値±誤差 である。

ウ：系統：観測に対して一定の割合（大きさ）で生じる誤差である。
原因が解っている場合はある程度小さく（消去）することができる。

エ：偶然：観測に対してランダム（観測ごとにばらつきがある）に生じる誤差である。
消去することは困難である。
偶然誤差を表す指標として標準偏差などがある。

オ：過失：いわゆる観測ミス（ミステイク）である。
一般的には誤差の中に含むことはない。

　よって、最も適当な語句の組合せは１となる。"
22,29,9,"次の文は，平成22 年に我が国で打ち上げられた準天頂衛星システムの初号機（以下「準天頂衛星」という。）の特徴や仕組みについて述べたものである。
正しいものはどれか。次の中から選べ。",準天頂衛星は，約12 時間で軌道を1 周する。,準天頂衛星は，GPS 衛星と同じ軌道上を移動している。,GNSS 測量において準天頂衛星は，GPS 衛星と同等の衛星として使用することができる。,3機のGLONASS衛星からの測位信号と1機の準天頂衛星からの測位信号を同時に受信できれば，公共測量における基準点測量を行うことができる。,準天頂衛星の測位信号は，日本でのみ受信可能である。,3,"我が国の準天頂衛星（みちびき：初号機：QZS-1）に関する問題である。
みちびきは現在2号機（QZS-2）まで打ち上げられており、2017年8月11日に3号機（QZS-3）が打ち上げ予定である。
問題各文について考えると次のようになる（以下、準天頂衛星とあるものは初号機を指す）。

1.	間違い。準天頂衛星は静止軌道に近い3万3000～3万4000kmの高度を、軌道傾斜角45度、23時間59分の周期で周回している。
日本のほぼ上空に滞留し、日本～インドネシア～オーストラリアのあたりを8の字の特殊な軌道を描いている。

2.	間違い。測位衛星の軌道には３種類あり、みちびきは傾斜対地同期軌道（IGSO）を、GPS衛星は中高度軌道（MEO）と呼ばれる軌道（周期12時間、軌道高度2万200kmで周回）を採用している。
最後の一つが気象衛星等で利用されている静止軌道（GEO）であり、これは赤道上空を1日で周回するため、地上からは常に同じ位置で見ることができる。

3. 正しい。作業規程の準則に「準天頂衛星は、GPS衛星と同等の衛星として扱うことができるものとし、これらの衛星をGPS・準天頂衛星と表記する。」とある。

4.	間違い。基準点測量においてGLONASS衛星を用いて観測する場合は、GPS・準天頂衛星及びGLONASS衛星を、それぞれ２衛星以上を用いる必要がある。
また、使用衛星数はGLONASS衛星を用いる場合、スタティック法では5衛星以上必要である。

5.	間違い。準天頂衛星は常時測位信号を送信しているため、日本だけではなくアジア・オセアニア地域でも受信できる。

　よって、正しいものは３となる。"
23,29,11,"次の文は，公共測量におけるGNSS 測量機を用いた標高の測量（以下「GNSS 水準測量」という。）について述べたものである。
明らかに間違っているものはどれか。次の中から選べ。",GNSS 水準測量を行うことができるようになった背景の一つには，GPS，準天頂衛星，GLONASS等の衛星測位システムの充実がある。,GNSS 水準測量では，既知点として，水準測量により標高が取り付けられた電子基準点を使用することができる。,GNSS 水準測量により得られる高さはジオイド高であるため，標高の算出には，高精度な楕円体高が必要となる。,電波の大気遅延が高さ方向の精度に影響することから，観測時の気象条件に十分注意することが必要である。,GNSS 水準測量では，スタティック法により，標高の測量を行う。,3,"GNSS測量による標高の測量マニュアル（H29.2）に関する問題である。問題文に正しい語句を当てはめると次のようになる。

1.	正しい。問題文の通りである。また問題文にプラスして高精度化されたジオイド・モデル「日本のジオイド2011 ver.2」が整備されたことも背景の１つである。

2.	正しい。GNSS水準測量に用いられる既知点は、一から二等水準点及び電子基準点（標高区分：水準測量）、１～２級水準点である。

3. 間違い。GNSS水準測量により得られる高さは楕円体高である。
このためジオイド・モデルによる高精度なジオイド高が必要となる。

4.	正しい。大気遅延量は水蒸気量により変化するため、大気遅延の影響を大きく受ける場合（台風の接近や寒冷前線、温暖前線の接近など）は観測を行わない。

5.	正しい。問題文の通りスタティック法で行われる。また、GNSS水準測量で３級水準点の設置が行われる。

　よって、明かに間違っているのは３となる。"
24,29,12,"次のa ～ d の文は，水準測量における誤差への対策について述べたものである。
ア ～ エ に入る語句の組合せとして最も適当なものはどれか。次の中から選べ。

a. 　ア　 誤差は，望違鏡の 　ア　 が水平でないために生じる誤差である。この誤差は，レベルと前視標尺及び後視標尺との距離を等しくすることで消去できる。
b. 　イ　 誤差は，望違鏡の 　イ　 が傾いているために生じる誤差である。この誤差は，三脚の特定の1 本を常に同一の標尺に向けて整置し，観測することで小さくすることができる。
c. 標尺の零点誤差は，零目盛の位置が正しくないために生じる誤差である。この誤差は，隣り合う水準点間のレベルの整置回数を 　ウ　 回にすることで消去できる。
d. 大気の屈折による誤差の影響を小さくするためには，標尺の 　エ　 を読定しないことが効果的である。",視準線 鉛直軸 偶数 下方,鉛直軸 視準線 奇数 下方,視準線 鉛直軸 偶数 上方,鉛直軸 視準線 奇数 上方,鉛直軸 視準線 偶数 下方,1,"レベルを用いた水準測量における誤差とその消去法に関する問題である。
問題文の消去法と選択肢から正答を導けばよい。ア～エに入る語句を考えると次のようになる。

ア：視準線：レベルと前後標尺の視準距離を等しくすることにより消去できる誤差は、視準線誤差と球差である。
選択肢から視準線を選択すればよい。

イ：鉛直軸：消去ではなく「小さくできる誤差」と「三脚の特定の１本…」及び選択肢から鉛直軸となる。

ウ：偶数：標尺の零目盛誤差は、測定回数を偶数にすればよい（または出発点に立てた標尺を終点に立てる）。

エ：下方：大気の屈折誤差（レフラクション）を小さくするには、標尺の下方（１級水準測量では20㎝以下）を読定しないようにする。

よって、最も適当な語句の組合せは１となる。"
25,29,14,"次の文は，公共測量における地形測量のうち，トータルステーション（以下「TS」という。）又はGNSS 測量機を用いて地図情報レベル1000 以下の数値地形図データを作成する場合の現地測量について述べたものである。
明らかに間違っているものはどれか。次の中から選べ。",RTK 法による地形，地物などの測定は，TS による測量を併用して実施する必要がある。,キネマティック法又はRTK 法による地形，地物などの測定は，基準点又はTS 点にGNSS 測量機を整置し，放射法により行う。,ネットワーク型RTK 法による地形，地物などの測定は，間接観測法又は単点観測法により行う。,ネットワーク型RTK 法による地形，地物などの測定は，GNSS 測量機1 台で観測作業を行うことができる。,ネットワーク型RTK 法によるTS 点の設置は，単点観測法を用いた場合，作業地域周辺の3 点以上の既知点を使用し，整合を確認しなければならない。,1,"現地測量に関する問題である。問題各文について考えると次のようになる。

1. 間違い。現地測量の定義には、「現地においてTS等又はGNSS測量機を用いて、又は併用して、地形、地物等を測定し、数値地形図データを作成する作業をいう。」とある。
必ず併用する必要はない。

2.	正しい。問題文の通り。放射法により観測は１セット行う。
キネマティック法による放射法とは、固定局から移動局の（基線）ベクトルを観測し、移動局の座標値を決定する方法である。

3.	正しい。問題文の通り。単点観測法とは、仮想点(VRS)や電子基準点(FKP)を固定点とした放射法により観測点の座標値を求める方法。
間接観測法とは、仮想点や電子基準点の情報を用いて、既知点と観測点の基線ベクトルを求めて間接的に観測点の座標値を求める方法である。

4.	正しい。電子基準点や仮想点を用いてGNSS測量機１台で観測作業を行うことができる。

5.	正しい。整合の確認は既知点が作業地域を囲むように、３点以上を用いて許容範囲内で整合しているかを確認する。

よって、明かに間違っているのは１となる。"
26,29,16,"次の文は，公共測量における車載写真レーザ測量（移動計測車両による測量）について述べたものである。 
ア ～ エ に入る語句の組合せとして最も適当なものはどれか。次の中から選べ。

車載写真レーザ測量は，車両に搭載したGNSS / IMU 装置，走行距離計，計測用カメラ，レーザ測距装置などで構成されるシステムを用いて，主に 　ア　 及びその周辺における数値地形図データを作成する手法である。
GNSS / IMU 装置による計測データから得られる 　イ　 ，計測用カメラにより撮影された写真及びレーザ測距装置による距離データを用いて， 　ウ　 を作成することができる。
なお，トンネルなどGNSS 衛星からの測位信号の受信が困難な箇所については，データ処理時に　エ　 を用いた調整処理を行う必要がある。",道路 内部標定要素 数値図化用データ 仮想基準点,河川 外部標定要素 数値図化用データ 仮想基準点,道路 外部標定要素 数値図化用データ 調整点,河川 内部標定要素 自車位置姿勢データ 仮想基準点,道路 外部標定要素 自車位置姿勢データ 調整点,3,"車載写真レーザ測量（以下、ＭＭＳ）に関する問題である。問題文中の ア ～ エ に入る語句を考えると次のようになる。

ア：道路：ＭＭＳは、車両を道路で走行させながら道路及びその周辺の地形、地物などの三次元位置情報を計測する技術である。

イ：外部標定要素：GNSS／IMU装置で得られるのは、カメラの撮影位置や方向（傾き）でありこれらを外部標定要素と言う。
内部標定要素は、カメラの幾何学的要素つまり画面距離や画素サイズなどである。

ウ：数値図化用データ：点群データと呼ばれる各点の３次元座標値である。

エ：調整点：調整点は、解析結果の点検や調整処理に必要な水平位置および標高の基準となる点であり、最低２点以上設置される。
設置位置は精度確保の対策が取りづらい（GNSS衛星の電波が受信しづらい）場所である。

よって、最も適当な語句の組合せは３となる。"
27,29,19,"次のa ～ e の文は，公共測量における写真地図（数値空中写真を正射変換した正射投影画像（モザイクしたものを含む。））の作成について述べたものである。
明らかに間違っているものだけの組合せはどれか。次の中から選べ。

a. 建物の倒れ込みの影響の少ない写真地図を作成するため，同一撮影コース内の隣接空中写真との重複度及び隣接コースの空中写真との重複度ができるだけ大きくなるように撮影計画を立てる。
b. 数値地形モデル（DTM）には，河川，湖沼などの陸水面や海水面などのすべての水部に，－9,999 m など現実に存在しない標高値を与える。
c. 森林などの植生が密生している地域において，地表面の標高計測には，自動標高抽出技術を用いた方法よりも等高線法が適している。
d. 数値地形モデル（DTM）を使用して正射投影画像を作成すると，すべての地物が正しい平面位置に投影される。
e. 数値地形モデル（DTM）の点検は，無作為に抽出した標高点について，デジタルステレオ図化機を用いて計測された標高値と比較する。",a，d,a，e,b，c,b，d,c，e,4,"写真地図に関する問題である。問題各文について考えると次のようになる。

a.	正しい。空中写真は中心投影であるため、写真主点から離れるほど倒れ込みが大きくなる。
問題のようにOLやSLをできるだけ大きくすれば、建物が主点に近くなり倒れ込みの影響は少なくなる。

b. 間違い。全ての水部には適用されない。大規模な湖沼水面や海水面に与えられる。

c.	正しい。地表面が隠されて（高層建築物の多い都市部や濃淡の少ない森林や裸地）いる場所では、自動標高抽出によるミスマッチングが起こりやすく、地上座標の距離間隔などを手掛かりに標高計測を行う等高線法などを用いて補う必要がある。

d. 間違い。正射投影画像の作成は、数値写真を標定し数値地形モデルを用いて行われるが、橋梁や高架道路など空中に架設されたものなどは正しい平面位置に投影されない。

e.	正しい。数値地形モデルから無作為に抽出された標高点について行われる。

よって、明かに間違っているのは４．のｂ，ｄである。"
28,29,20,"次の文は，公共測量における空中写真測量について述べたものである。
明らかに間違っているものはどれか。次の中から選べ。",撮影計画においては，すべてのモデルが撮影区域内に収まるように設定する。,GNSS / IMU 装置を用いた撮影では，IMU の累積誤差を考慮し，撮影コース長をおおむね15 分以内で撮影できる距離とする。,モデルの数値図化範囲は，原則としてパスポイントで囲まれた区域内とする。,細部数値図化は，線状対象物，建物，植生，等高線の順に行う。,数値地形図データ作成では，無人航空機（UAV）で一定の条件で撮影した空中写真も使用可能である。,1,"空中写真測量の一般事項に関する問題である。問題各文について考えると次のようになる。

1. 間違い。撮影区域を完全にカバーするため、撮影コースの始めと終わりの撮影区域外をそれぞれ最低１モデル、場合によっては数モデル確保する。

2.	正しい。問題文の通り。撮影前後に整数値バイアス決定及びIMUドリフト初期化のための飛行を行い、等速直線飛行は進入を含めて概ね15分以内とし、これを超える場合は適宜IMU初期化飛行を実施する。

3.	正しい。問題文の通り。

4.	正しい。脱落を防ぐために細部数値図化の順番は問題文の通りに行う。
また、必ずデータの位置、形状等をスクリーンモニターに表示し、データの取得漏れのないように留意しなければならない。

5.	正しい。無人航空機、いわゆるドローンを用いた空中写真測量である。

よって、明かに間違っているのは１.となる。"
29,29,23,"次の文は，数値地形モデル（以下「DTM」という。）の活用について述べたものである。
明らかに間違っているものはどれか。次の中から選べ。",DTM を用いて，標高値の範囲ごとに彩色し，地形の陰影をつけた陰影段彩図を作成することができる。,DTM を用いて，数値空中写真を中心投影から正射投影に変換し，正射投影画像（オルソ画像）を作成することができる。,DTM と基盤地図情報（建築物の外周線）を用いて，三次元建物データを作成することができる。,格子間隔の大きいDTM よりも，格子間隔の小さいDTM を用いた方がより詳細な地形の断面図を作成することができる。,公共測量において，航空レーザ測量により作成した5 m メッシュのDTM を用いて，地図情報レベル5000 の等高線（主曲線間隔5 m）を作成することができる。,3,"DTMに関する問題である。問題各文について考えると次のようになる。
※DTMとDEMは同意語として扱えばよい。

1.	正しい。DTMは地表面の標高データである。このため問題文のような陰影段彩図を作成することができる。

2.	正しい。空中写真を正射変換するためには、写真上の位置と地上の位置を対応させる必要がある。
これには、標高データであるDTMが用いられている。

3. 間違い。DTMは地表面の標高値を表す数値地形モデルであり、建物の外周線を用いても建物を三次元で表すことはできない。
建物を三次元で表すには、DSM（数値表層モデル）が必要となる。

4.	正しい。格子間隔が小さいと言う事は、地形のデータが詳細に得られていると言う事である。
当然、格子間隔の小さいほうが、詳細な断面図を描く事ができる。

5.	正しい。作業規程の準則によれば、等高線データは、地図情報レベル1000までは1ｍメッシュ、2500では1ｍ及び2ｍメッシュ、5000では1ｍ、2ｍ及び5ｍメッシュのグラウンドデータを用いて作成することができる。

　よって、明かに間違っているのは３.となる。"
30,29,26,"次の文は，公共測量における用地測量について述べたものである。
明らかに間違っているものはどれか。次の中から選べ。",境界杭が亡失していたことから，復元測量による復元杭の設置を行った。その際に関係権利者に対して事前説明を実施したが，現地での立会いは行わなかった。,境界点に既設の標識が設置されていたため，関係権利者の同意を得てそれを境界点とした。,境界測量のため現地において境界点を測定し，その座標値を求める作業を行うこととしたが，近くに基準点がなかったことから，新たに補助基準点を設置し，それに基づき放射法により実施した。,境界点間測量は，境界点の精度確認のために行う作業であり，隣接する境界点間の距離について，一定の割合で抽出した辺の距離を測定し，境界測量で求めた座標値から計算した距離との比較を行うものである。,面積計算は，境界測量の成果に基づき面積を算出して面積計算書を作成する作業であり，原則として座標法により行うものとする。,4,"用地測量の一般事項に関する問題である。問題各文について考えると次のようになる。

1.	正しい。復元測量において、復元杭の設置を行う場合は、権利関係者の事前説明を実施するが、原則として関係権利者の立会いは行わない。

2.	正しい。境界確認において、既設の標識が設置されている場合、問題文のように関係権利者の同意を得てそれを境界点とすることができる。

3.	正しい。境界測量は、近傍の４級基準点以上の基準点に基づき放射法等により行われる。
ただし、問題文のようにやむを得ない場合は、補助基準点を設置する事ができる。

4. 間違い。「一定の割合で抽出した辺」ではなく、「全辺」について現地で測定しなければならない。

5.	正しい。面積計算は、各筆等の取得用地及び残地の面積を算出し面積計算書を作成する作業である。
面積計算は原則として座標法によるものとする。"
31,29,28,"次の文は，公共測量における河川測量について述べたものである。
明らかに間違っているものはどれか。次の中から選べ。",距離標設置測量においては，距離標の位置を示すために点の記を作成する。,水準基標測量は，地形の状況などやむを得ない場合は，間接水準測量により行うことができる。,深浅測量においては，水深や測深位置などを測定し，横断面図データファイルを作成する。,汀線測量における最低水面は，原則として海上保安庁が公示する最低水面の高さから求める。,河川測量成果の品質評価は，製品仕様書が規定するデータ品質を満足しているか評価する。,2,"河川測量の一般事項に関する問題である。問題各文について考えると次のようになる

1.正しい。距離標設置測量とは、河心線の接線に対して直角方向の両岸の堤防法肩又は法面等に距離標を設置する作業であり、設置後は問題文のように点の記を作成する。

2.間違い。水準基標測量は、２級水準測量により行われる。
河川測量において間接水準測量が用いられるのは、定期縦断測量である。

3.正しい。深浅測量は水底部の地形を明らかにするため行われる。

4.正しい。汀線（最低水面と海浜との交線）測量とは汀線を定め、汀線図データファイルを作成する作業である。
問題文のように最低水面は海上保安庁が公示する最低水面の高さから求める。

5.正しい。品質評価は測量成果について、製品仕様書が規定するデータ品質を満足しているか評価する作業であり、作業機関は、品質評価手順に基づき品質評価を実施するものとする。


　よって、明かに間違っているのは２.となる。"
32,28,1,"次のa～eの文は，測量法（昭和24 年法律第188 号）に規定された事項について述べたものである。
明らかに間違っているものだけの組合せはどれか。次の中から選べ。

a．「基本測量及び公共測量以外の測量」とは，基本測量及び公共測量の測量成果以外を使用して実施する測量をいう。
b．測量を実施しようとする者は，公共測量において測量標を設置した測量計画機関の承認を得ずに当該公共測量の測量標を使用することができる。
c．測量士又は測量士補となる資格を有する者は，測量士又は測量士補になろうとする場合においては，国土地理院の長に対してその資格を証する書類を添えて，測量士名簿又は測量士補名簿に登録の申請をしなければならない。
d．測量業者は，その営業所ごとに測量士又は測量士補を一人以上置かなければならない。
e．基本測量若しくは公共測量に従事する者又はその他の者で，基本測量又は公共測量の測量成果をして，真実に反するものたらしめる行為をした者は，懲役又は罰金に処する。",a，b，d,a，b，e,a，c，e,b，c，d,c，d，e,1,"測量法に関する問題である。問題各文について考えると次のようになる。

a.    間違い。「基本測量及び公共測量以外の測量」とは、基本測量又は公共測量の測量成果を使用して実施する基本測量及び公共測量以外の測量である（測量法 第6条）。

b.    間違い。公共測量の測量成果を使用して測量を実施しようとする者は、あらかじめ、当該測量成果を得た測量計画機関の承認を得なければならない（測量法 第44条）。

c.    正しい。問題文の通り。測量士又は測量士補となる資格を有する者は、測量士又は測量士補になろうとする場合においては、国土地理院の長に対してその資格を証する書類を添えて、測量士名簿又は測量士補名簿に登録の申請をしなければならない（測量法 第49条1）。測量士名簿及び測量士補名簿は、国土地理院に備える（測量法 第49条2）。

d.    間違い。測量士の設置に関する文書。測量士補ではなく、測量士を１人以上おく必要がある（測量法 第55条の13）。

e.    正しい。問題文の通り。罰則に関する文書である（測量法 第62条1）。


よって間違っている文書は、ａ，ｂ，ｄとなる。"
33,28,2,"次の文は，地理情報標準プロファイル（以下「JPGIS」という。）について述べたものである。
ア～ オに入る語句の組合せとして最も適当なものはどれか。次の中から選べ。

JPGIS は，地理情報に関する国際規格（ISO 規格）及び日本工業規格（JIS 規格）の中から，地理空間情報の概念　ア　を記述し　イ　するために必要となる基本的な要素を抽出し，　ウ　したもので，地球上の位置と直接的又は間接的に関連付けられた　エ　又は現象に関する情報処理技術のための実用標準である。
測量計画機関が公共測量を実施するときは，得ようとする測量成果の種類，内容，構造，品質等を示すための　オ　をJPGIS に準拠して定めなければならない。",オブジェクト　体系化　符号化　スキーマ　　　作業規程,オブジェクト　符号化　体系化　スキーマ　　　作業規程,オブジェクト　体系化　符号化　スキーマ　　　製品仕様書,スキーマ　　　符号化　体系化　オブジェクト　製品仕様書,スキーマ　　　体系化　符号化　オブジェクト　製品仕様書,4,"JPGISに関する問題である。ア～オに入る語句を考えると次のようになる。

JPGISは、地理情報に関する国際規格（ISO規格）及び日本工業規格（JIS規格）の中から、地理空間情報の概念 　スキーマ　 を記述し 　符号化　 するために必要となる基本的な要素を抽出し、 　体系化　 したもので、地球上の位置と直接的又は間接的に関連付けられた 　オブジェクト　 又は現象に関する情報処理技術のための実用標準である。
測量計画機関が公共測量を実施するときは、得ようとする測量成果の種類、内容、構造、品質等を示すための 　製品仕様書　 をJPGISに準拠して定めなければならない。

よって正しい語句の組合せは、４となる。"
34,28,3,"次のa～eの文は，測量作業機関が公共測量を行う場合に留意しなければならないことを述べたものである。
明らかに間違っているものは幾つあるか。次の中から選べ。

a．測量作業を円滑かつ確実に実行するため，適切な実施体制を整えた。
b．作業計画の立案を十分な実務経験のある測量士補に担当させ，工程管理及び精度管理は測量士に担当させた。
c．測量計画機関から検定を受けるように指定された測量成果について，検定に関する技術を有する第三者機関に検定を依頼した。
d．測量計画機関から貸与された測量成果を，他の測量計画機関から受注した作業においても有効活用するため，社内で適切に保管した。
e．企業にとって情報の保護は社会責務でもあることから，社内で情報セキュリティ講習会の定期的な実施やウイルス対策ソフトの導入など，情報漏えい防止の対策を講じた。",0（間違っているものは1 つもない。）,1 つ,2 つ,3 つ,4 つ,3,"測量作業機関が公共測量を行う場合の留意点に関する問題である。問題各文について考えると次のようになる。

a.    正しい。問題文の通り（作業規程の準則 第9条1）。

b.    間違い。作業計画の立案、工程管理及び精度管理を総括する者として、主任技術者を選任しなければならない（作業規程の準則 第9条2）。
主任技術者は、測量法第49条の規定に従い登録された測量士であり、かつ、高度な技術と十分な実務経験を有する者でなければならない（作業規程の準則 第9条3）。

c.    正しい。計画機関が指定する測量成果は、検定に関する技術を持つ第三者機関による検定を受けなければならない（作業規程の準則 第15条）。

d.    間違い。貸与された測量成果であるから、適切に使用し作業完了時までに返却しなければならない。

e.    正しい。計画・作業機関ともに、関係法令を遵守し、これらに関する社会的慣行を遵守する必要がある（作業規程の準則 第4条）。

　よって、明らかに間違っている文章は ｂ，ｄ の２つである。"
35,28,4,"次のa～eの文は，測量法（昭和24 年法律第188 号）における測量の基準について述べたものである。
明らかに間違っているものだけの組合せはどれか。次の中から選べ。

a．測量における距離及び面積は，測量法で規定する回転楕円体の表面上の値で表示する。
b．測量における位置は，地理学的経緯度及び平均海面からの高さで表示する。また，地心直交座標で表示してもよい。
c．回転楕円体の短半径及び扁平率の数値は政令で定められており，過去にこれらの数値が改正されたことがある。
d．測量の原点は日本経緯度原点及び日本水準原点であり，これらの原点数値は政令で定められており，セミ・ダイナミック補正により定期的に改正されている。
e．日本水準原点の数値は政令で定められており，東京湾平均海面の高さを基準としている。",a，c,a，d,b，c,c，d,c，e,4,"測量法 第11条に関する問題である。問題各文について考えると次のようになる。

a.    正しい。問題文の通りである。

b.    正しい。場合により、直角座標及び平均海面からの高さ、極座標及び平均海面からの高さ又は地心直交座標で表示することができる。

c.    間違い。政令で定められているのは長半径及び扁平率である。

d.    間違い。測量の原点に関しては問題文の通りであるが、定期的に改正されることはない。
大きな変動（近年では東日本大震災）があった場合に改正される。

e.    正しい。問題文の通りである。

　よって明らかに間違っているのは、ｃ，ｄとなる。"
36,28,7,"次の文は，公共測量におけるGNSS 測量機を用いた基準点測量の観測方法について述べたものである。
明らかに間違っているものはどれか。次の中から選べ。",スタティック法は，複数の観測点にGNSS 測量機を整置して，基線ベクトルを求める観測方法である。,短縮スタティック法は，複数の観測点にGNSS 測量機を整置して，観測時間を短縮するために基線解析においてGNSS 衛星の組合せを多数作る処理を行い，基線ベクトルを求める観測方法である。,キネマティック法は，固定局と移動局で同時に単独測位を行い，それぞれの観測点で得た座標値の差から，基線ベクトルを求める観測方法である。,RTK 法は，固定局と移動局で同時にGNSS 衛星からの信号を受信し，固定局で取得した信号を，無線装置などを用いて移動局に転送し，移動局側において即時に基線解析を行い，基線ベクトルを求める観測方法である。,ネットワーク型RTK 法は，配信事業者で算出された補正データ又は面補正パラメータを，携帯電話などの通信回線を介して移動局で受信し，移動局側において即時に解析処理を行い，位置を求める観測方法である。,3,"GNSS測量機を用いた基準点測量の観測方法に関する問題である。問題各文について考えると次のようになる。


1.    正しい。問題文のように同時にGNSS衛星からの信号を受信し、基線解析を行って基線ベクトルを求める。


2.    正しい。問題文のように同時にGNSS衛星からの信号を受信して行う。
基線解析においてGNSS衛星の組合せを多数作るのが特徴である。
これにより観測時間の短縮が行われる。


3.    間違い。基準となる固定局と移動局で構成され、移動局を次々と観測点に移動して固定局と移動局の基線ベクトルを求める観測方法である。


4.    正しい。問題文の通りであるが、固定局と移動局の基線ベクトルを求めるには、直接観測法と間接観測法がある。


5.    正しい。問題文の通りである。配信事業者からのデータを受信すると同時にGNSS衛星からの信号を受信し、移動局側で解析処理を行って基線ベクトルを求める。
その後、複数の観測点に次々と移動して移動局の位置が即時に求められる。


　よって、明らかに間違っているのは、３となる。"
37,28,8,"次の文は，公共測量におけるGNSS 測量機を用いた基準点測量を行う際のPCV 補正について述べたものである。
ア～ エに入る語句の組合せとして最も適当なものはどれか。次の中から選べ。

GNSS 衛星の電波をGNSS アンテナが受信する際，電波の入射角が変化することにより，受信する位置（位相中心）が変化する。
この変化を「PCV（Phase Center Variation）」と呼ぶ。
アンテナの機種によってPCV による影響が異なることから，位相中心をアンテナ　ア　で観測した状態に補正する必要がある。
　イ　モデルは，アンテナの機種によって異なるアンテナオフセットとPCV の値を，理想的な観測状態で算出し，定数の組合せとしてまとめたものである。
スタティック法及び短縮スタティック法において　ウ　を実施する場合，原則としてPCV 補正を行う必要があり， 　エ　の際に， 　イ　モデルを適用して補正を行うことで，より高精度な解が得られる。",底面　アンテナ位相特性　1～4 級基準点測量　基線解析,底面　アンテナ位相特性　3～4 級基準点測量　網平均計算,底面　アンテナ定数　　　1～4 級基準点測量　網平均計算,重心　アンテナ位相特性　3～4 級基準点測量　網平均計算,重心　アンテナ定数　　　1～2 級基準点測量　基線解析,1,"GNSS測量における，PCV補正に関する問題である。ア～エに入る適当な語句を当てはめると，次のようになる。
 

　GNSS衛星の電波をGNSSアンテナが受信する際、電波の入射角が変化することにより、受信する位置（位相中心）が変化する。
　この変化を｢PCV(Phase Center Variation)｣と呼ぶ。
　アンテナの機種によってPCVによる影響が異なることから、位相中心をアンテナ 　底面　 で観測した状態に補正する必要がある。 
　　アンテナ位相特性　 モデルは、アンテナの機種によって異なるアンテナオフセットとPCVの値を、理想的な観測状態で算出し、定数の組合せとしてまとめたものである。
　スタティック法及び短縮スタティック法において 　1～4級基準点測量　 を実施する場合、原則としてPCV補正を行う必要があり、 　基線解析　 の際に、　アンテナ位相特性　 モデルを適用して補正を行うことで、より高精度な解が得られる。

よって、正しい語句の組合せは１となる。"
38,28,9,"次の文は，公共測量における水準測量について述べたものである。
明らかに間違っているものはどれか。次の中から選べ。",渡海（河）水準測量で両岸から同時観測を行うことにより，気差による影響を軽減することができる。,正規正標高補正量（楕円補正量）は，観測点の経度と標高により求めることができる。,地盤沈下調査を目的とする水準測量では，変動量を基準日に統一するため，変動量補正計算を行う。,水準点を設置する場合は，後続作業における利用などを考え，破損，亡失，沈下などのおそれのない場所を選定する。,永久標識を設置した水準点の水平位置は，ネットワーク型RTK 法を用いて求めることができる。,2,"公共測量における水準測量全般に関する問題である。問題各文について考えると次のようになる。

1.    正しい。渡海水準測量で同時観測を行うのは経緯儀法と俯仰ネジ法である。
ここではTSを用いた観測と考えるのが正しく、同時刻の同時観測によりかつ正反の観測値の平均を取ることにより気差と球差（両差）が消去できる。

2.    間違い。１級水準測量では、正規正標高補正と正標高補正（重力の実測値）を用いることができる。
正規正標高補正（楕円補正）量を求めるためには、水準路線の出発点と終末点の緯度と水準路線の平均標高が必要となる。

3.    正しい。旧観測月日と新観測月日を用いて統一する月日に対する変動量を求める。

4.    正しい。問題文の通りである。

5.    正しい。単点観測法等により座標を求めることができる。
単点観測法では、ネットワーク型RTK法により単独で測点の座標を求める。 

　よって、明らかに間違っているのは２となる。"
39,28,10,"次のa～eの文は，水準測量における誤差への対策について述べたものである。
明らかに間違っているものだけの組合せはどれか。次の中から選べ。

a．レベルの鉛直軸の傾きにより生じる誤差への対策は，2 本の標尺を結ぶ線上にレベルを置き，進行方向に対し三脚の特定の2 本を常に視準線に平行に整置し，そのうちの特定の1 本を常に同一標尺に向けることである。
b．地球の曲率の影響によって生じる誤差への対策は，レベルと前視標尺及び後視標尺との距離を等しくすることである。
c．標尺の零目盛が正しくないために生じる誤差への対策は，水準点から次の水準点までのレベルの整置回数を偶数回にすることである。
d．レベルの視準線が水平でないために生じる誤差への対策は，レベルと前視標尺及び後視標尺との距離を等しくすることである。
e．標尺が鉛直に立てられていないために生じる誤差への対策は，標尺を前後に傾けて読定値が最小となるところを読むことや，標尺付属水準器を使用して標尺を鉛直に立てることである。",a,b，c,d，e,e,間違っているものはない,5,"水準測量の誤差に関する問題である。問題各文について考えると次のようになる。

a.	正しい。鉛直軸誤差に関する文章である。
b.	正しい。球差に関する文章である。
c.	正しい。零目盛誤差に関する文章である。
その他に「出発点に立てた標尺を終点に立てる。」などの言い回しがある。
d.	正しい。視準線誤差に関する文章である。
e. 正しい。標尺の傾きによる誤差に関する文章である。
標尺を前後に傾けて最小の読定値を読む作業をウェービングともいう。

　よって、間違っている文章は一つもない。"
40,28,11,"次の文は，公共測量におけるGNSS 測量機を用いた標高の測量（以下「GNSS 水準測量」という。）について述べたものである。
ア～ エに入る語句の組合せとして最も適当なものはどれか。次の中から選べ。

水準点は主要国道沿いに設置されていることが多いため，作業地域の近傍に既設の水準点がない場合，遠方の水準点から，多大な時間と経費をかけて水準測量を行う必要があった。
GPS，　ア　システム，GLONASS などの衛星測位システムの充実や高精度化されたジオイド・モデル「日本のジオイド　イ　」の整備により， 　ウ　によるGNSS 観測で効率的に標高の測量が行えるようになった。
GNSS 水準測量で使用できる既知点の種類は，一～二等水準点，電子基準点（水準測量により標高が取り付けられた点に限る）及び1～2 級水準点である。
また，GNSS 水準測量により，3 級水準点を設置することができる。
なお，電波の　エ　が高さ方向の精度に影響することから，観測時の気象条件に十分注意することが必要である。",GNSS連続観測　2011　スタティック法　　大気遅延,GNSS連続観測　2000　キネマティック法　電離層遅延,準天頂衛星　　2000　スタティック法　　大気遅延,準天頂衛星　　2000　キネマティック法　電離層遅延,準天頂衛星　　2011　スタティック法　　大気遅延,5,"GNSS測量による標高の測量マニュアル（H29.2）に関する問題である。問題文に正しい語句を当てはめると次のようになる。

水準点は主要国道沿いに設置されていることが多いため、作業地域の近傍に既設の水準点がない場合、遠方の水準点から、多大な時間と経費をかけて水準測量を行う必要があった。
GPS、 　準天頂衛星　 システム、GLONASSなどの衛星測位システムの充実や高精度化されたジオイド・モデル｢日本のジオイド 　2011　 ｣の整備により、 　スタティック法　 によるGNSS観測で効率的に標高の測量が行えるようになった。
　GNSS水準測量で使用できる既知点の種類は、一 ～ 二等水準点、電子基準点(水準測量により標高が取り付けられた点に限る)及び１～２級水準点である。
また、GNSS水準測量により、３級水準点を設置することができる。
なお、電波の 　大気遅延　 が高き方向の精度に影響することから、観測時の気象条件に十分注意することが必要である。

　よって、正しい語句の組合せは５となる。"
41,28,14,"次の文は，車載写真レーザ測量（移動計測車両による測量）について述べたものである。
明らかに間違っているものはどれか。次の中から選べ。",車両を道路で走行させながら道路及びその周辺の地形，地物などの三次元位置情報を計測する技術である。,道路及びその周辺の大縮尺の数値地形図データを作成する場合，トータルステーションなどを用いた現地測量に比べて，広範囲を短時間でデータ取得できる。,車載写真レーザ測量システムは，GNSS 測量機などの車両の位置と姿勢のデータを取得する装置や，レーザ測距装置などの数値図化用のデータ取得装置などから構成される。,道路の高架下などの上空視界が不良な場所では，標定点による調整処理を行っても数値地形図データを作成することができない。,取得した三次元点群データなどから，構造物の形状の三次元モデルを作成することができる。,4,"車載レーザ測量（ＭＭＳ）に関する問題である。問題各文について考えると次のようになる。

1.    正しい。車載写真レーザ測量の定義である。

2.    正しい。車載写真レーザ測量は、走行しながら地形、地物の三次元データの取得が可能であるため、現地測量の時間を大幅に短縮できる。

3.    正しい。車載写真レーザ測量システムの構成である。

4.    間違い。GNSS衛星からの電波が受信できない場所では、標定点（調整点）との調整処理を行ってデータを得ることができる。

5.    正しい。得られる点（点群）データは、平面位置と高さが取得されている。このため、問題文のように三次元モデルを作成することができる。

　よって、明らかに間違っているものは４となる。"
42,28,15,"次のa～eの文は，公共測量における地形測量のうち，トータルステーション（以下「TS」という。）又はGNSS 測量機を用いた現地測量について述べたものである。
明らかに間違っているものだけの組合せはどれか。次の中から選べ。

a．現地測量で使用する基準点は，4 級基準点，簡易水準点又はこれらと同等以上の精度を有する基準点とする。
b．現地測量は写真測量に比べて精度が低いため，作成する数値地形図データの地図情報レベルが1000 以下のときは現地測量を用いるべきではない。
c．TS を用いた現地測量で，基準点からの見通しが悪く細部測量を行うことが困難な場合は，GNSS 測量機を用いてTS 点を設置することができる。
d．ネットワーク型RTK法による現地測量を行う場合は，GNSS測量機1台で観測作業が行える。
e．ネットワーク型RTK 法により，複数の観測点を次々と移動して細部測量を実施すると，誤差が累積する。",a，c,a，d,b，d,b，e,c，e,4,"現地測量に関する問題である。問題各文について考えると次のようになる。

a.    正しい。問題文の通り現地測量の実施において基づく基準点の精度である。

b.    間違い。現地測量により作成する数値地形図データの地図情報レベルは、原則として1000以下とし250、500及び1000を標準とする

c.    正しい。TS点は、TS又はGNSS測量機を用いたキネマティック法又はRTK法、ネットワーク型RTK法により行われる。

d.    正しい。ネットワーク型RTK法では、移動局の受信機１台で観測作業が行える。

e.    間違い。ネットワーク型RTK法は１台の受信機（移動局）の位置を周囲の電子基準点の観測データから得られる補正情報を用いて決定する技術である。
観測点ごとに補正情報を用いて決定するため、誤差の累積はない。

　よって明らかに間違っているのは、ｂとｅになる。"
43,28,18,"次の文は，公共測量における同時調整について述べたものである。
ア～ エに入る語句の組合せとして最も適当なものはどれか。次の中から選べ。

同時調整とは，デジタルステレオ図化機を用いて，標定点成果及び撮影時に取得した　ア　の解析計算で得られた　イ　の観測データを統合して調整計算を行い，各写真の　イ　の成果値，パスポイント，タイポイント等の水平位置及び標高を決定する作業である。
調整計算は，原則として作業地区全域を一つのブロックとして　ウ　により行うものとし，標定点は， 　エ　に配置することを標準とする。",GNSS/IMU　　　　　　外部標定要素　多項式法　　各コースの両端付近,デジタル航空カメラ　外部標定要素　バンドル法　各コースの両端付近,GNSS/IMU　　　　　　内部標定要素　多項式法　　ブロックの四隅と中央部付近,デジタル航空カメラ　内部標定要素　バンドル法　各コースの両端付近,GNSS/IMU　　　　　　外部標定要素　バンドル法　ブロックの四隅と中央部付近,5,"同時調整に関する問題である。問題文に適当な語句を入れると次のようになる。

同時調整とは、デジタルステレオ図化機を用いて、標定点成果及び撮影時に取得した 　GNSS/IMU　 の解析計算で得られた 　外部標定要素　 の観測データを統合して調整計算を行い、各写真の 　外部標定要素　 の成果値、パスポイント、タイポイント等の水平位置及び標高を決定する作業である。
調整計算は、原則として作業地区全域を一つのブロックとして 　バンドル法　 により行うものとし、標定点は、 ブロックの四隅と中央部付近　 に配置することを標準とする。

　よって、最も適当な語句の組合せは５となる。"
44,28,19,"次のa～eの文は，公共測量における写真地図（数値写真を正射変換した正射投影画像（モザイクしたものを含む。））の作成について述べたものである。
明らかに間違っているものだけの組合せはどれか。次の中から選べ。

a．高高度で撮影した空中写真と低高度で撮影した空中写真の撮影範囲が同一の場合，高高度で撮影した方が，建物などの倒れ込みの少ない空中写真を撮影することができる。
b．高層建物が密集している都市部で，建物の倒れ込みの影響が少ない写真地図を作成するために，同一撮影コース内の隣接空中写真との重複度及び隣接撮影コースの空中写真との重複度ができるだけ小さくなるように，撮影計画を立てた。
c．森林などの植生が密生している地域において，地表面の標高計測を行うためには，自動標高抽出技術を用いた方法よりも等高線法が適している。
d．数値地形モデルを作成する際に，地形を忠実に表したデータを作成するため，段差の大きい人工斜面などの地形が急激に変化する場所では，これらの斜面の傾斜方向と平行にブレークラインを取得した。
e．作成した標高データをデジタルステレオ図化機でステレオモデルと重ねて表示したら，著しく地表面と異なる点があったため，デジタルステレオ図化機を用いて標高データを修正した。",a，b,a，c,b，d,c，e,d，e,3,"写真地図作成に関する問題である。問題各文について考えると次のようになる。

a.    正しい。問題文の通りである。撮影範囲を同一とすると撮影高度が低いほど写真サイズは大きくなる。

b.    間違い。ＯＬやＳＬを小さくすると建物が主点から遠くなり、倒れこみが大きくなる。

c.    正しい。地表面が不明のため、地上座標の距離間隔などを手掛かりに標高計測を行う等高線法のほうが適している。

d.    間違い。ブレークラインは、斜面傾斜方向と直角に入れる。

e.    正しい。数値地形モデルの編集作業のことである。デジタルステレオ図化機を用いて行われる。

　よって、明らかに間違っているのは、３のｂ，ｄである。"
45,28,20,"次のa～eの文は，人工衛星からのリモートセンシングについて述べたものである。
明らかに間違っているものだけの組合せはどれか。次の中から選べ。

a．人工衛星からのリモートセンシングの特徴は，広域を一度に観測できることや周期的な観測ができることである。
b．合成開口レーダ（SAR）は，マイクロ波を地表に向けて照射し，その反射波を観測する能動型のセンサのため，一般に昼夜を問わず観測することができる。
c．光学センサは，雲の影響を受けることなく地表面を観測することができる。
d．現在，地上画素寸法が50 cm 程度の光学センサを搭載した人工衛星が実用化されている。
e．実体視が可能な画像を取得することができる人工衛星は，まだ実用化されていない。",a，b,a，d,b，c,c，e,d，e,4,"リモートセンシング（地球観測衛星）に関する問題である。各選択肢について考えると次のようになる。

a.    正しい。リモートセンシングの特徴として、「広い範囲を一度にとらえる」、「同じ地域を長期間観測できる」、「現地に直接出向かずに状態が分かる」、「温度など人間の目で判断できないことが解る」などがある。

b.    正しい。合成開口レーダ（マイクロ波センサー）はマイクロ波（可視光線や赤外線より波長が長い）を地上に発射しその反射波を受信する。
このため、昼夜天候を問わずに観測が行える。

c.    間違い。光学センサは、可視光線と赤外線（近赤外線、中間赤外線、熱赤外線）を観測する。
このため、可視光線と近赤外線を観測する場合は太陽光の当たらない夜と地上で反射した太陽光を遮る曇の下では観測が行えない。
熱赤外線を観測する場合は、昼夜を問わずに観測できるが、雲の下では観測できない。

d.    正しい。いわゆる「超高解像度光学衛星」のことであり、代表的なものでは商業衛星として「ワールドビュー4号」が約30㎝の分解能を持っている。

e.    間違い。「だいち2号」ではパンクロマチック立体視センサー（PRISM）により可能である。

　よって，明らかに間違っているのは４のｃ，ｅとなる。"
46,28,22,"次のa～eの文は，地図の投影法について述べたものである。
明らかに間違っているものだけの組合せはどれか。次の中から選べ。

a．地図投影法は，三次元立体である地球の表面上に存在する地物の位置や形をできるだけ正しく平面に描くために考えられたものである。
b．正角図法は，地球上の任意の二方向に引いた方向線のなす角と，地図上のこれに対応する角とが等しくなる図法である。
c．正積図法は，地球上の任意の範囲の面積が，縮尺に応じて地図上に正しく表示される図法である。
d．平面に描かれた地図において，正角図法と正積図法の性質を同時に満足させることは，理論上可能である。
e．メルカトル図法は，円錐図法の一種で，緯線と経線は常に赤道に対して水平と垂直の線で表される。",a，b,a，c,b，d,c，e,d，e,5,"地図の投影法に関する問題である。問題各文について考えると次のようになる。

a.    正しい。地図の投影法に関する定義である。

b.    正しい。等角図法とも呼ばれ、メルカトル図法やガウス・クリューゲル図法がこれにあたる。

c.    正しい。等積図法とも呼ばれランベルト図法、モルワイデ図法がこれにあたる。

d.    間違い。地図の投影要素（正角・正積・正距）には、正角と正距を同時に満足できるが、正角と正積は同時に満足できない関係がある。
また、正距と正積は満足できる。

e.    間違い。メルカトル図法は円筒図法である。円錐図法はランベルト図法がある。

　よって、明らかに間違っているのは５のｄ，ｅとなる。"
47,28,24,"地理情報標準では，地理空間情報の品質を，完全性，論理一貫性，位置正確度，時間正確度，主題正確度の5 つに大きく分類し，これらをデータ品質要素と呼んでいる。
次のa～eの文は，整備した地理空間情報のエラーの例を示したものである。
これらのエラーの例に対応するデータ品質要素の組合せとして最も適当なものはどれか。次の中から選べ。

a．草地である場所が，別の分類である常緑針葉樹林に分類されている。
b．一部の道路が鉄道として取得されている。
c．面データとして取得する行政区画データが閉じていない。
d．10 m2以下の建物は取得しない仕様にもかかわらず，取得されている。
e．属性値の定義域が正の整数の仕様にもかかわらず，負の整数の値になっている。",主題正確度　論理一貫性　完全性　　　主題正確度　完全性,論理一貫性　論理一貫性　位置正確度　主題正確度　論理一貫性,主題正確度　主題正確度　論理一貫性　完全性　　　論理一貫性,論理一貫性　主題正確度　論理一貫性　主題正確度　完全性,主題正確度　主題正確度　位置正確度　完全性　　　完全性,3,"地理情報標準第2版（JSGI2.0）のデータ品質要素及び副要素に関する問題である。各選択肢について考えると次のようになる。

a.    主題正確度。分類（草地と常緑針葉樹林）が不正確である。

b.    主題正確度。分類（鉄道と道路）が不正確である。

c.    論理一貫性。データが閉じていないという事は、定義域の一貫性がとれていない。

d.    完全性。過剰なデータ取得が行われている。

e.    論理一貫性。定義域の一貫性が図られていない。

＜参考：JSGI2.0「品質原理」より＞
データ品質要素：データ品質副要素
完全性　　：過剰・漏れ
論理一貫性：概念一貫性・定義域一貫性・フォーマット一貫性・位相一貫性
位置正確度：絶対または外部正確度・相対または内部正確度・グリッドデータ位置正確度
時間正確度：時間測定正確度・時間一貫性・時間妥当性
主題正確度：分類の正確性・非定量的属性の正確性・定量的属性正確度

　よって、正しい品質要素の組合せは３となる。"
48,28,26,"次のa～eの文は，公共測量における用地測量について述べたものである。
明らかに間違っているものだけの組合せはどれか。次の中から選べ。

a．ネットワーク型RTK 法の単点観測法による境界測量実施時に，作業地域の周辺を囲む既知点においても観測を行い，整合を確認した。
b．トータルステーションによる境界測量において，基準点から直接測定できない境界点があったため，補助基準点を設置した。
c．用地平面図データファイルを作成するため，現地において建物などの主要地物を測定した。
d．境界測量において境界点間の距離を計算する際に，0.001 m の次の位を四捨五入した。
e．境界点と考えられる場所に既設の標識が設置されていたので，関係権利者の同意を得ずにそれを境界点とした。",a，b,a，c,b，e,c，d,d，e,5,"用地測量の一般事項に関する問題である。問題各文について考えると次のようになる。 

a.    正しい。単点観測法では問題文のように整合を確認する必要がある。
また整合の確認において既知点数は３点以上とする。

b.    正しい。境界測量は近傍の４級基準点以上の基準点に基づき放射法等により行う。
やむを得ない場合は問題文のように補助基準点を設置することができる。

c.    正しい。用地平面図データファイルを作成するには、用地実測図データの境界点の座標値等の必要項目を抽出するとともに、現地において建物等の主要地物を測定し作成する。

d.    間違い。座標値等の距離は0.001ｍの次の位において四捨五入し、点間距離は0.001ｍの次の位以下を切り捨てる。

e.    間違い。境界確認において、境界点に既設の標識が設置されている場合は、関係権利者の同意を得てそれを境界点とすることができる。

　よって、明らかに間違っているのは５のｄ，ｅとなる。"
49,27,1,"次のａ～ｅの文は，測量法（昭和24 年法律第188 号）に規定された事項について述べたものである。
測量法の規定として，明らかに間違っているものだけの組合せはどれか｡次の中から選べ。

a. 「測量作業機関｣とは，測量計画機関の指示又は委託を受けて測量作業を実施する者をいう。
b. 基本測量の測量成果及び測量記録の謄本又は抄本の交付を受けようとする者は，国土交通省令で定めるところにより，国土交通大臣に申請をしなければならない。
c. 公共測量を実施する者は，関係都道府県知事に対して当該測量を実施するために必要な情報の提供を求めることができる。
d. 測量業者は，その営業所ごとに測量士補を一人以上置かなければならない。
e. 基本測量若しくは公共測量に従事する者又はその他の者で，基本測量又は公共測量の測量成果をして，真実に反するものたらしめる行為をした者は，懲役又は罰金に処する。",ａ，ｂ，ｄ,ａ，ｂ，ｅ,ａ，ｃ，ｅ,ｂ，ｃ，ｄ,ｃ，ｄ，ｅ,4,"測量法に関する問題である。問題各文について考えると次のようになる。

a.    正しい。問題文の通り。測量作業機関の定義である。（測量法 第8条）

b.    間違い。測量成果の公開に関する文書。国土交通大臣ではなく，「国土地理院の長」である。（測量法 第28条）

c.    間違い。公共工事の表示に関する文書。関係都道府県知事ではなく，「関係市区町村長」である。（測量法 第37条2）

d.    間違い。測量士の設置に関する文書。測量士補ではなく，「測量士」を一人以上おく必要がある。（測量法 第55条の13）

e.    正しい。問題文の通り。罰則に関する文書である。（測量法 第62条1）

よって，間違っている文書は，ｂ，ｃ，ｄとなる。"
50,27,2,"次の文は，ITRF（International Terrestrial Reference Frame：国際地球基準座標系)について述べたものである｡ 
ア ～ オ に入る語句の組合せとして最も適当なものはどれか。次の中から選べ。

ITRF は，GNSS 等の宇宙測地技術を用いた国際協力による観測に基づき，構築・維持されている三次元直交座標系の測地基準系である｡
その座標系は,地球の重心を原点とし，　ア　をグリニッジ子午線と赤道の交点の方向にＹ軸を　イ　の子午線と赤道の交点の方向に　ウ　を北極の方向にとっている。
我が国では,地球の形状と大きさを近似する回転楕円体として　エ　精円体を採用しており,その　オ　は，ITREF の　ウ　と一致している。",X軸　東経90度　Z軸　GRS80　短軸,Z軸　東経90度　X軸　WGS84　長軸,X軸　東経90度　Z軸　WGS84　短軸,Z軸　西経90度　X軸　WGS84　長軸,X軸　西経90度　Z軸　GRS80　長軸,1,"ITRFに関する問題である。ア～オに入る語句を考えると次のようになる。

ITRFは，GNSS等の宇宙測地技術を用いた国際協力による観測に基づき，構築・維持されている三次元直交座標系の測地基準系である｡
その座標系は,地球の重心を原点とし， Ｘ軸 をグリニッジ子午線と赤道の交点の方向にＹ軸を 東経90度 の子午線と赤道の交点の方向に Ｚ軸 を北極の方向にとっている。
我が国では,地球の形状と大きさを近似する回転楕円体として GRS80 精円体を採用しており,その 短軸 は，ITREFの Z軸 と一致している。

ITRF座標系は三次元直交座標であって，地球楕円体モデルの定義はされていない。
このため，日本では2000年当時の最新であったGRS80楕円体の短軸とITRF94座標のZ軸を一致させて定義している。
楕円体と座標系を同時に定義するWGS84とはここが大きく異なっている。
(ただしGRS系よりも楕円体定数をシビアに決めていなかったが，現在ではWGS系がかなり近づいており，実用上一致といえるが，すべてのITRFとWGSがそのように対応するわけではない）。

　よって，正しい語句の組合せは，１となる。"
51,27,3,"次のａ～ｅの文は，測量作業機関が公共測量を行う場合に留意しなければならないことについて述べたものである。
明らかに間違っているものは幾つあるか。次の中から選べ。

a. 現地での測量作業において，作業者の安全の確保について適切な措置を講じるよう努めた。
b. 測量計画機関から貸与された測量成果を，他の測量計画機関から受注した作業においても有効活用するために，社内で適切に保管した。
c. 国立公園内の特別地域内でやむを得ず樹木伐採の必要が生じたため，測量計画機関へ報告し，環境大臣に伐採の許可を申請した。
d. 基準点測量において，業務を効率的に進めるため，測量計画機関の承諾を得ずに，平均計算を他の測量作業機関に請け負わせた。
e. 情報の管理は非常に重要であることから，社内で情報セキュリティ講習会を定期的に実施し，従業員を参加させた。",０（間違っているものは１つもない）,１つ,２つ,３つ,４つ,3,"公共測量実施時の注意事項に関する問題である。問題各文について考えると次のようになる。


a.    正しい。問題文の通り。作業者の安全確保に関する文章である。（作業規程の準則 第10条）

b.    間違い。貸与された測量成果は，作業完了時までに返却しなければならない。

c.    正しい。国立公園は環境大臣，国定公園は都道府県知事の許可が必要である。（自然公園法 第20条3）

d.    間違い。作業計画に関する文章。作業機関は事前に作業計画等を計画機関に提出し，その承認を得る必要がある。
作業計画等を変更しようとする場合も同様。（作業規程の準則 第11条）

e.    正しい。関係法令等の遵守に関する文章。財産権，労働，安全，交通，土地利用規制，環境保全，個人情報の保護等に関する法令を遵守し，かつ，これらに関する社会的慣行を尊重しなければならない。
（作業規程の準則 第4条）

　よって，間違っている文章は ｂ，ｄ の２つである。"
52,27,4,"次のａ～ｅの文は，測量法における測量の基準について述べたものである。
明らかに間違っているものだけの組合せはどれか。次の中から選べ。

a. 位置は，天文学的経緯度及び東京湾平均海面からの高さで表示する。
b. 測量の原点は，日本経緯度原点及び日本水準原点である。
c. 平成23 年（2011 年）東北地方太平洋沖地震による地殻変動に伴い，測量の原点の位置が移動し，原点数値にかい離が生じたことから，測量の正確さを確保するため，原点数値を改正した。
d. 公共測量における距離及び面積は，日本測地系で想定された回転楕円体の表面上における値で表示する。
e. ジオイドは，平均海面を陸地に延長したと仮定した場合にできる面であり，その形状はゆるやかな凹凸を持ち，局所的には複雑な形状となっているため，水平位置を求める測量の基準面には適していない。",ａ，ｂ,ａ，ｄ,ｂ，ｃ,ｃ，ｅ,ｄ，ｅ,2,"測量の基準に関する問題である。問題各文について考えると次のようになる。

a.    間違い。天文学的経緯度ではなく，「地理学的経緯度」である。（測量法11条1）

b.    正しい。問題文の通り。（測量法11条3）

c.    正しい。問題文の通り。（測量法施行令 第2条1）

d.    間違い。日本測地系ではなく，「世界測地系」である。（測量法 第11条2）

e.    正しい。問題文の通り。このために回転楕円体がある。（測量法 第11条3）

よって，間違っている文章は ａ，ｄ となる。"
53,27,5,"次の文は，公共測量におけるセミ・ダイナミック補正及びその関連事項について述べたものである。
明らかに間違っているものはどれか。次の中から選べ。",セミ・ダイナミック補正とは，現在公開している基準点の測量成果と，測量して得た観測結果との間に生じる定常的な地殻変動に起因するかい離を補正するものである。,セミ・ダイナミック補正に使用する補正パラメータファイルは，適用期間が決められている。,定常的な地殻変動によるひずみの影響は，元期からの経過時間や点間の距離が長いほど大きい。,１級基準点測量において，電子基準点のみを既知点とする場合は，標高補正パラメータファイルを使用したセミ・ダイナミック補正を適用しなければならない。,新点の測量成果は，既知となる基準点の測量成果に補正量を加え，測量計算（網平均計算）を行った後，求められた新しい基準点の位置情報から補正量を差し引くことで求めることができる。,4,"セミ・ダイナミック補正に関する問題である。問題文は、「公共測量によるセミ・ダイナミック補正マニュアル（以下，マニュアル）」（2013.06：国土地理院）から出題されている。問題各文について考えると次のようになる。

1.	正しい。問題文の通り。
セミ・ダイナミック補正の目的である。（マニュアル 第1条）
2.	正しい。問題文の通り。
国土地理院が提供する補正パラメータは、定期的に更新され、パラメータ毎に適用期間が設定されている。（マニュアル 第4条）
3.	正しい。問題文の通り。
地殻変動なので，そのひずみは累積する。
また，遠方の電子基準点を既知点とした場合は，補正を行わないと近傍の基準点との整合性が図れない。（マニュアル 序文）
4.	間違い。
標高補正パラメータではなく，国土地理院が提供する，「地殻変動補正パラメータ」である。(マニュアル 第2条)
5.	正しい。問題文の通り。
セミ・ダイナミック補正とは，既知点の元期座標を今期（こんき）座標に補正し，新点の今期座標を元期座標に補正する事である。(マニュアル 第9条)"
54,27,7,"次の文は，公共測量におけるGNSS 測量機を用いた基準点測量を行う際のPCV 補正について述べたものである。 
ア ～ エ に入る語句の組み合わせとして最も適当なものはどれか。次の中から選べ。

GNSS 衛星からの電波をGNSS アンテナにおいて受信する際，電波の　ア　によって受信する位置（位相中心）が変化することをPCV（Phase Center Variation）という。
その変化量は，アンテナ機種によって異なっており，アンテナ　イ　という。
このアンテナ　イ　による位相中心のずれを補正することをPCV 補正といい，PCV 補正を適用することにより，同一セッションにおける　ウ　間観測での精度を確保することが可能となる。
なお，PCV 補正を適用する際の器械高は，測量標の上面からアンテナ　エ　までの高さとしなければならない。",入射角 オフセット 同一機種 位相中心,反射角 オフセット 異機種   位相中心,入射角 位相特性   異機種   位相中心,反射角 位相特性   同一機種 底面,入射角 位相特性   異機種   底面,5,"GNSS測量における，PCV補正に関する問題である。ア～エに入る適当な語句を当てはめると，次のようになる。

　GNSS衛星からの電波をGNSSアンテナにおいて受信する際，電波の 　入射角　 によって受信する位置（位相中心）が変化することをPCV（Phase Center Variation）という。
　その変化量は，アンテナ機種によって異なっており，アンテナ 　位相特性　 という。
　このアンテナ 　位相特性　 による位相中心のずれを補正することをPCV補正といい，PCV補正を適用することにより，同一セッションにおける 　異機種　 間観測での精度を確保することが可能となる。
　なお，PCV補正を適用する際の器械高は，測量標の上面からアンテナ 　底面　 までの高さとしなければならない。

　よって，正しい語句の組合せは，５となる。"
55,27,8,"次の文は，公共測量におけるGNSS 測量機を用いた基準点測量について述べたものである。
明らかに間違っているものはどれか。次の中から選べ。",GNSS 衛星の軌道情報は放送暦を標準とする。,電離層における伝播遅延に起因する誤差は，２周波観測により軽減することができる。,対流圏における伝播遅延に起因する誤差の補正は，基線解析ソフトウェアで採用している標準大気により行う。,GLONASS 衛星を用いて観測する場合は，GPS 衛星及びGLONASS 衛星を，それぞれ２衛星以上用いる必要がある。,スタティック法によるGNSS 観測において，GPS 衛星及びGLONASS 衛星を用いて観測する場合は，これらの衛星を４衛星以上使用する。,5,"GNSSを用いた基準点測量に関する文書である。問題各文について考えると次のようになる。

1. 正しい。GNSS衛星に搭載された日付情報を放送暦と呼ぶ(ユリウス日という通算日になっている)。
2. 正しい。周波数の異なるＬ1帯とＬ2帯の２周波を同時受信し，両周波の伝播距離の差を解析し電離層遅延を補正している。
3. 正しい。標準的な気象要素の値を用い，近似的に補正が行われる。
4. 正しい。GPS衛星とGLONASS衛星の間では，二重位相差が作れないため，２つの衛星が必要となる。
5. 間違い。スタティック法では，GPS衛星のみを使用する場合は同時に４衛星以上。
GPS衛星とGLONASS衛星を併用する場合は，同時に５衛星以上使用する。
（GPS２衛星+GLONASS３衛星，またはGPS３衛星+GLONASS２衛星）とし，10㎞以上の観測では，６衛星以上必要となる。

　よって，間違っている文書は５となる。"
56,27,9,"次の ａ～ｅ の文は，公共測量における水準測量について述べたものである。
明らかに間違っているものだけの組合せはどれか。次の中から選べ。

a. 直接水準測量で結ぶことができない水準路線は，渡海（河）水準測量により連結するものとする。
b. １級水準測量における直接水準測量の場合，標尺目盛の読定単位は 0.1 ㎜を標準とする。
c. 地盤沈下地域における水準測量では，変動量を基準日に統一するため，地殻変動補正パラメータを用いた変動量補正計算を行う。
d. １級水準測量及び２級水準測量において再測を行った場合，同方向の観測値を採用するものとする。
e. 点検計算の許容範囲のうち，既知点から既知点までの閉合差は，Ｓを㎞単位で表した片道の観測距離とした時，１～３級水準測量では，15 ㎜√Ｓ が標準である。",ａ，ｂ,ａ，ｅ,ｂ，ｄ,ｃ，ｄ,ｃ，ｅ,4,"公共測量における水準測量全般に関する問題である。問題各文について考えると次のようになる。

a.正しい。水準路線は，２点以上の既知点を結合する路線を言う。
直接水準測量で結ぶ事のできない水準路線は，問題文のように渡海（河）水準測量により連結される。

b.正しい。１級水準測量の場合，視準距離は最大50ｍ，読定単位は0.1㎜である。

c.間違い。問題文のように，変動量を基準日に統一するため変動量補正計算を行うが，地殻変動補正パラメータは必要がない。
地殻変動補正パラメータは，セミ・ダイナミック補正に用いられる。

d.間違い。同方向の観測値を採用してはいけない。

e.正しい。点検計算の許容範囲は，問題文の場合 15㎜√Ｓ である。環閉合差の場合，１級で2㎜√Ｓ，２級で5㎜√Ｓ，３級で10㎜√Ｓ となる。

　よって，間違っている文章は ｃ，ｄとなる。"
57,27,10,"次の ａ～ｃ の文は，公共測量における水準測量の観測値への補正計算について述べたものである。 
ア ～ オ に入る語句の組合せとして最も適当なものはどれか。次の中から選べ。

a. 水準点の標高は，観測値に対し，必要に応じて　ア　，　イ　及び変動量補正を実施し，平均計算を行って求める。このうち　ア　及び　イ　は，１～２級水準測量について行う。
b. １級水準測量においては，　イ　計算に代えて　ウ　計算を行う事ができる。
c. 　エ　水準測量における　ア　計算は，水準点間の高低差が　オ　ｍ以上の場合に行うものとする。",標尺補正 　正規正標高補正 正標高補正 　　２級 70,標尺補正 　正規正標高補正 重力補正 　　　１級 50,標尺補正 　正標高補正 　　正規正標高補正 ２級 70,視準線補正 正標高補正 　　重力補正 　　　２級 50,視準線補正 正規正標高補正 正標高補正 　　１級 50,1,"水準測量の「計算」に関する問題である。ア　～ オ に適当な語句を当てはめると次のようになる。

a.水準点の標高は，観測値に対し，必要に応じて 標尺補正 ， 正規正標高補正 及び変動量補正を実施し，平均計算を行って求める。
このうち 標尺補正 及び 正規正標高補正 は，１～２級水準測量について行う。
　※標尺補正：外気温と標尺改正数を用いて行う。
　※正規正標高補正：楕円補正のこと。標準重力を使う。

b.１級水準測量においては， 正規正標高補正 計算に代えて 正標高補正 計算を行う事ができる。
　※正標高補正：実測された重力（局所重力）値による補正。

c.２級 水準測量における 標尺補正 計算は，水準点間の高低差が 70 ｍ以上の場合に行うものとする。

　よって，正しい語句の組合せは １ となる。"
58,27,13,"次のａ～ｅの文は，公共測量における地形測量のうち，GNSS 測量機を用いた細部測量について述べたものである。
明らかに間違っているものだけの組合せはどれか。次の中から選べ。

a. 地形，地物等の測定を行うほか，編集時に必要となる地名，建物の名称，取得したデータの結線のための情報に関する資料を作成する。
b. 地形，地物等の測定におけるGNSS 測量機による観測は，干渉測位方式により２セット行うことを原則とし，１セット目の観測終了後に再初期化を行う。
c. キネマティック法又はRTK 法による地形，地物等の測定は，基準点又はTS 点にGNSS 測量機を整置し，放射法により行う。
d. ネットワーク型RTK 法による地形，地物等の測定は，間接観測法又は単点観測法により行う。
e. ネットワーク型RTK法の単点観測法により測定した結果が周囲の既知点と整合していない場合，高さの整合処理には楕円体高を用いることを標準とする。",ａ，ｂ,ａ，ｃ,ｂ，ｅ,ｃ，ｄ,ｄ，ｅ,3,"GNSS測量機を用いた細部測量に関する問題である。問題各文について考えると次のようになる。

a.正しい。地形，地物等の測定は基準点又はTS点から行われ，編集及び編集した図形の点検に用いる資料（測定位置確認資料）が作成される。
測定位置確認資料は問題文の通りであり，作成には，現地において図形編集装置に入力する方法と，写真等で現況等を記録する方法のいずれかが用いられる。

b.間違い。GNSS測量機による観測（キネマティック法，RTK法，ネットワーク型RTK法）では，干渉測位方式により１セット行い，初期化を行う観測点では１セットの観測終了後に再初期化を行い，２セット目の観測が行われる。
この２セット目の観測値を採用値として観測が継続される。

c.正しい。問題文の通り。キネマティック法又はRTK法による地形，地物等の測定方法である。

d.正しい。問題文の通り。単点観測法とは電子基準点（又は仮想点）を既知の固定点として１台のGNSS測量機を用いた放射法によるものである。
間接観測法とは２台のGNSS測量機を用いて，同時観測を行い結合する多角網を形成する観測方法である。

e.間違い。GNSS測量機を用いた細部測量で標高を求める場合は，地理院が提供するジオイドモデルによりジオイド高を補正して求める。
高さの整合処理は標高補正として原則標高で行う必要がある。

　よって，明らかに間違っている文章はｂ，ｅとなる。"
59,27,15,"Ａ市では，３年前に作成した地図情報レベル1000 の数値地形図データを公共測量により修正することになった。
次の文は，その作業内容について述べたものである。明らかに間違っているものはどれか。次の中から選べ。",公共測量で半年前に作成した縮尺 1/500 の平面図の数値地形図データを用い，経年変化箇所の修正データを取得した。,"他機関が１年前にフイルム航空カメラで撮影した撮影縮尺 1/12,500 の空中写真を使用し，図化により修正データを取得した。",市域の一部において他機関が１年前に作成した地図情報レベル 1000 の基盤地図情報が公開されていたため，当該基盤地図情報に係る項目のうち，修正の対象となる項目を取得しそのまま利用した。,経年変化箇所において，ネットワーク型RTK 法による単点観測法で修正データを取得した。,移動計測車両による測量システムを用い，道路の経年変化箇所の修正データを取得した。,2,"修正測量に関する問題である。問題各文について考えると次のようになる。
（修正測量：既成の数値地形図データのファイルを更新する作業）

1.正しい。1/500 データはレベル1000よりも情報量が多く，修正前のデータよりも作成年が新しいため，用いることができる。

2.間違い。撮影年は問題が無い。しかし，レベル1000の数値地形図を修正するためには，1/6,000～8,000の撮影縮尺が必要となる。

3.正しい。作成年，レベルともに問題は無く，他の数値地形図データを修正に用いても問題は無い。

4.正しい。問題文の通り。予察結果に基づき、ネットワーク型ＲＴＫ法により、修正データを取得しても何ら問題は無い。

5.正しい。H24年5月に国土地理院から「移動計測車両により測量システムを用いる数値地形データ作成マニュアル(案)」が発表された。"
60,27,16,"次のａ～ｅの文は，デジタル航空カメラを用いて撮影した等高度鉛直空中写真の性質について述べたものである。
明らかに間違っているものは幾つあるか。次の中から選べ。

ただし，ａ～ｅの各撮影はそれぞれ独立のものであり，その撮影条件及び撮影対象範囲は，それぞれの文中に示されたことを除いて同一とする。

a. 同一コース内の隣接空中写真間の重複度が大きいほど，撮影基線長は短くなる。
b. 隣接コースの空中写真との重複度が大きいほど，１コース当たりの撮影枚数は多くなる。
c. 撮影基準面からの撮影高度が高いほど，撮影基準面における地上画素寸法は小さくなる。
d. 撮像面の素子数（画面の画素数）が多いほど,撮影基準面における地上画素寸法は大きくなる。
e. カメラの画面距離が長いほど，空中写真１枚に写る範囲は広くなる。",０（間違っているものは１つもない。）,１つ,２つ,３つ,４つ,5,"空中写真の特徴に関する問題である。各選択肢について考えると次のようになる。

a.正しい。１組の空中写真で主点間の長さを考えれば良い。
重複度が大きければ互いの写真主点が近づくため，基線長が短くなる。

b.間違い。隣接コースの空中写真（サイドラップ）の重複度と１コースの枚数は関係がない。
オーバーラップの重複度が大きいと１コース当たりの撮影枚数は多くなる。

c.間違い。撮影高度が高いほど写真縮尺が小さくなるため，地上画素寸法は大きくなる。

d.間違い。撮像面の画素数が多い（高解像度）であるため，地上画素寸法は小さくなる。

e.間違い。画面距離（焦点距離）が長いと視野が狭くなるので写真範囲も狭くなる。

　よって，明らかに間違っているのは ｂ，ｃ，ｄ，ｅの４つとなる。"
61,27,17,"次の文は，公共測量における空中写真測量で用いる GNSS/IMU 装置について述べたものである｡
ア ～ オ に入る語句の組合せとして最も適当なものはどれか｡次の中から選べ。

GNSS/IMU 装置とは，空中写真の外部標定要素を算出するため，航空機搭載のGNSS 測量機　ア　及び空中写真の露出時の　イ　を検出するための　ウ　のジャイロで構成されるIMU（慣性計測装置），解析ソフトウェア，電子計算機及び周辺機器で構成ざれるシステムである｡
このうち,GNSS ｱﾝﾃﾅは　エ　に，IMU は　オ　に取り付ける。",加速度計 傾き ３軸 　航空カメラ本体 機体頂部,高度計 　高度 ３軸 　機体頂部 　　　航空カメラ本体,高度計 　傾き ＸＹ軸 航空カメラ本体 機体頂部,高度計 　高度 ＸＹ軸 機体頂部 　　　機体頂部,加速度計 傾き ３軸 　機体頂部 　　　航空カメラ本体,5,"GNSS / IMU に関する問題である。問題文に正しい語句を当てはめると次のようになる。

GNSS/IMU 装置とは，空中写真の外部標定要素を算出するため，航空機搭載のGNSS測量機，　加速度計　 及び空中写真の露出時の 　傾き　 を検出するための 　３軸　 のジャイロで構成されるIMU（慣性計測装置），解析ソフトウェア，電子計算機及び周辺機器で構成ざれるシステムである｡
このうち,GNSSｱﾝﾃﾅは 　機体頂部　 に，IMUは 　航空カメラ本体　 に取り付ける。

　よって，正しい語句の組合せは５となる。"
62,27,20,"次のａ～ｅの文は,リモートセンシングについて述べたものである。
明らかに間違っているものだけの組合せはどれか。次の中から選べ。

a. 合成開口レーダ（SAR）によく使用される周波数帯には，Ｌバンド，Ｘバンドがある｡
b. 近赤外線の波長帯は，可視光の波長帯に比べて植物からの反射率が高い。
c. 実体視可能な像が得られる地球観測衛星も実用化されており，この画像から標高データを取得できる。
d. マイクロ波センサは光学センサに比べて波長の短い電波を使用するため，雲の影響を受けにくい。
e. 合成開口レーダ（SAR）は，観測対象物が自ら放射する電波を受信して，その性質を調べる受動型センサである。",ａ，ｂ,ａ，ｄ,ｂ，ｃ,ｃ，ｅ,ｄ，ｅ,5,"リモートセンシングに関する問題である。各選択肢について考えると次のようになる。

a.    正しい。SARに用いられる周波数帯には，Lバンド、Cバンド、Xバンドのマイクロ波周波数帯がある。
それぞれ波長が異なるためその特徴も違っている。
Lバンドは波長が長く，Xバンドは短い。
このため，Lバンドは樹木の葉を通過し地表面で反射され，Xバンドは葉で反射される。
国土地理院はLバンドの「だいち２号」を運用している。

b.    正しい。近赤外線（赤外線と可視光の中間波長）は，赤色の可視光に近い波長を持つ。
植物（緑）に対しては反射率が高く赤外線写真（近赤外線）では，緑地を撮影すると白く雪が積もったように写る。
近赤外線は家庭用リモコンに使用されている。

c.    正しい。国土地理院の「だいち」には，パンクロマチック立体視センサが搭載されており，地表の三次元データを取得できる。

d.    間違い。光学センサは可視光と赤外線を観測し，マイクロ波センサはこれより波長の長いマイクロ波を観測するため昼夜天候を問わずに観測が行える。

e.    間違い。合成開口レーダはマイクロ波を地上に発射しその反射波を受信する。
マイクロ波センサには，能動型と受動型があるが合成開口レーダは能動型である。
能動型は地表面を観測するのに適しており，受動型は自然に放射されているマイクロ波を観測するため，海面温度や積雪量などを観測するのに適している。

　よって，明らかに間違っているのはｄ，ｅとなる。"
63,27,21,"次の文は，地図投影法について述べたものである。 
ア ～ カ に入る語句を語群から選び正しい文章にしたい。
最も適当な語句の組合せはどれか。次の中から選べ。

・地図投影とは，　ア　の経緯度を　イ　の極座標値に変換する事である。
・地図上において，正角図法と正積図法の性質を同時に満足させる事は，　ウ　である。
・地球上のあらゆる地点間の距離を同一の縮尺で地図上に表示する事は，　エ　である。
・平面直角座標系(平成14 年国土交通省告示第9 号)に用いられている投影法は，　オ　である。
・　カ　は，地球上の任意の範囲の面積が縮尺に応じて地図上に正しく表示される図法である。

語 群
ａ．正角図法
ｂ．正距図法
ｃ．正積図法
ｄ．回転楕円体面上
ｅ．平面上
ｆ．理論上可能
ｇ．理論上不可能",ｄ ｅ ｆ ｇ ａ ｂ,ｄ ｅ ｇ ｆ ｃ ｃ,ｄ ｅ ｇ ｇ ａ ｃ,ｅ ｄ ｆ ｆ ｂ ａ,ｅ ｄ ｇ ｆ ｃ ｂ,3,"地図の投影法に関する問題である。正しい語句を当てはめると次のようになる。

・地図投影とは， 　d:回転楕円体面上　 の経緯度を 　e:平面上　 の極座標値に変換する事である。

・地図上において，正角図法と正積図法の性質を同時に満足させる事は， 　g:理論上不可能　 である。

・地球上のあらゆる地点間の距離を同一の縮尺で地図上に表示する事は， 　g:理論上不可能　 である。

・平面直角座標系(平成14年国土交通省告示第9号)に用いられている投影法は， 　a:正角図法　 である。

・ 　c:正積図法　 は，地球上の任意の範囲の面積が縮尺に応じて地図上に正しく表示される図法である。

　よって正しい語句の組合せは，３　となる。"
64,27,22,"次の文は，公共測量における地図情報レベル 5000 以下の数値地形図の調製における地物等の取得・表示の方法及び数値地形図データファイル仕様について述べたものである。
明らかに間違っているものはどれか。次の中から選べ。","数値地形図に表示する対象は,測量作業時に現存し，永続性のあるものが原則であるが，建設中であっておおむね１年以内に完成する見込みのものは表示することができる。",数値地形図に表示する地物の水平位置の転位は，行わないことが原則である。,数値地形図への表現は，表示する対象をそれぞれの上方からの正射影で形状を表示することが原則である。,等高線，基準点，数値地形モデルを取得する場合の座標次元は，３次元である。,数値地形図データファイルでは，東西方向をＸ軸，南北方向をＹ軸とする数学座標系を用いる。,5,"公共測量標準図式（作業規程の準則 付録７）に関する問題である。問題各文について考えると次のようになる。

1.正しい。表示の対象として，測量作業時に現存し，永続性のあるものが原則である。
また建設中の物で，「おおむね１年以内に完成する見込みのもの。」，「永続性のないもので，特に必要と認められるもの。」も表示することができる。（第3条）

2.正しい。数値データで表されるため，転位の必要が無く原則として行わない。
出力図に限り図上0.7㎜まで許される。（第5条）

3.正しい。問題文の通り。困難なものについては，正射影の位置に定められた記号で表示される。（第4条）

4.正しい。問題文の通り。地形の座標次元は，３次元とする。（第44条）

5.間違い。数値地形図データファイルの座標軸は，測量座標系（東西方向をＹ軸，南北方向をＸ軸）とし，原点は図郭左下である。（第83条）

　よって，明らかに間違っているのは５となる。"
65,27,23,"次の文は，地理空間情報の製品仕様書について述べたものである。
明らかに間違っているものはどれか。次の中から選べ。","地理空間情報の製品仕様書には，地理空間情報の内容,構造，データ品質などが記述されている。",地理空間情報の製品仕様書に記述する標準的な項目は，国際標準化機構（ISO）の規格として定められている。,地理空間情報の製品仕様書を新たに作成する場合には，類似の地理空間情報の製品仕様書を参考にして作成することができる。,地理空間情報の製品仕様書は，データ交換やデータを使用するときの説明書としては利用できないが，データを作成するときの設計書としては利用できる。,地理空間情報の製品仕様書は，作り方や使用する機器の性能を規定した作業規程とは異なり，作成方法にとらわれない地理空間情報の作成を可能にしている。,4,"地理空間データ製品仕様書（作成マニュアル：H26年4月）に関する問題である。問題各文について考えると次のようになる。

1.正しい。地理空間データと言う製品に要求される種々の条件について，その要求仕様をまとめたものが製品仕様書である。
2.正しい。製品仕様書は，地理情報の標準規格（地理情報標準規格群：ISO19100シリーズ）の動向を踏まえて，適宜改正が行われている。
3.正しい。地理空間情報を整備する際にその製品仕様書は次のパターンで作成される。
①標準的な製品仕様書のある場合はそれを参考に。
②新規に作成する場合にはマニュアルに従って作成する。
よって，問題文のように参考として作成することができる。
4.間違い。製品仕様書は，「作成する地理空間データの詳細な設計書」であり，「地理空間データを流通・交換する際の取扱説明書」である。
5.正しい。製品仕様という考え方（製品仕様書の利用）は，地理情報の内容，品質を明確にし、作成方法は特に指定していない。
つまり，どのような作成方法によっても内容や品質が適合していれば良いという考えである。

　よって，明らかに間違っているのは４となる。"
66,27,24,"次のａ～ｅの文は，地理空間情報活用推進基本法（平成19 年法律第63 号）における基盤地図情報について述べたものである。
明らかに間違っているものは幾つあるか。次の中から選べ。

a. 基盤地図情報として必要な精度は，国土交通省令で，都市計画区域と都市計画区域外のそれぞれについて定められている。
b. 都市計画区域の基盤地図情報の平面位置の誤差は2.5ｍ以内，高さの誤差は1.0ｍ以内である。
c. 都市計画基図，道路台帳図，河川基盤地図は，基盤地図情報の整備に活用することができる。
d. 基盤地図情報に係る項目は，国土交通省令で，測量の基準点，海岸線，道路の中心線，建築物の外周線などの13 項目が定められている。
e. 基盤地図情報の標高点として，国土地理院から1ｍメッシュの数値標高モデルのデータが提供されている。",０（間違っているものは１つもない）,１つ,２つ,３つ,４つ,3,"基盤地図情報に関する問題である。問題各文について考えると次のようになる。

a.    正しい。問題文の通り。
b.    正しい。問題文の通り。都市計画区域外では平面位置の誤差は25ｍ以内，高さの誤差は5.0ｍ以内としている。
c.    正しい。その他として，基準点成果表，１/25000地形図，水路測量標記事などがある。
d.    間違い。道路の中心線ではなく道路縁である。
e.    間違い。数値標高モデルは，1ｍメッシュではなく5ｍメッシュである。

　よって，明らかに間違っているものは，dとeの２つである。"
67,27,25,"次の文は，公共測量における路線測量について述べたものである。
明らかに間違っているものはどれか。次の中から選べ。",線形決定では，路線選定の結果に基づき，地形図上の交点(IP)の位置を座標として定め，線形図データファイルを作成する。,仮BM 設置測量は，平地においては４級水準測量，山地においては簡易水準測量により行う。,縦断測量は，地形，地物等の状況により，直接水準測量に代えて間接水準測量によることができる。,横断測量では中心杭等を基準にして，中心点における中心線の接線に対して直角方向の線上にある地形の変化点及び地物について測定する。,詳細測量では，主要な構造物の設計に必要な詳細平面図データファイル，縦断面図データファイル及び横断面図データファイルを作成する。,2,"路線測量の一般事項に関する問題である。問題各文について考えると次のようになる。

1.正しい。路線測量の線形決定に関する文章である。問題文の通り。
2.間違い。仮BM設置測量では，平地で３級水準測量，山地では４級水準測量により行う。
3.正しい。縦断測量では，問題文のように間接水準測量によることができる。
間接水準測量では，TSを用いた単観測昇降式による往復観測とする。
4.正しい。路線測量の横断測量に関する文章である。問題文の通り。
5.正しい。路線測量の詳細測量に関する文章である。問題文の通り。

　よって，明らかに間違っているのは２となる。"
68,27,27,"次の文は，公共測量における用地測量について述べたものである。
その内容として最も不適切なものはどれか。次の中から選べ。",公図等転写連続図の作成において，字界の線形が隣接する公図間で相違し，そのままでは接合が困難な部分があったため，接合部が合致するように字界を調整した。,権利者確認調査のため，測量計画機関から貸与された資料を基に権利者調査表を作成した。,境界杭の亡失があり，復元すべき位置に仮杭を設置した。その際，関係権利者への事前説明は実施したが，現地での関係権利者の立会いは行わなかった。,境界点に既設の標識が設置されていたため，関係権利者の同意を得てそれを境界点とした。,用地平面図データファイルを作成するため，現地において建物などの主要地物を測定した。,1,"用地測量の一般事項に関する問題である。問題各文について考えると次のようになる。

1.間違い。公図等の転写において転写連続図は、無理な調整はせず、公図等に記載されているままに転写し作成する。
転写連続図提出の意義は法務局等に備えられている地図や地図に準ずる図面の現状を報告するためのものであり、調整計算を行って図化したものが用地実測図原図であり、それに地形地物を重ねたものが用地平面図である。
これらの図面で調整を行えばよいためである。
2.正しい。権利者確認調査に関する文章である。問題文の通り。
3.正しい。関係権利者に立入りについての日程を通知し，復元杭設置に関する事前説明を実施するが，原則として関係権利者による立会いは行われない。
4.正しい。境界確認に関する文章である。問題文の通り。
5.正しい。用地平面図データファイルは，用地実測図データの境界点の座標値等必要項目を抽出するとともに，建物等及び工作物の主要地物を測定し作成する。

　よって，明らかに間違っているのは１となる。"
69,26,1,"次のａ～ｅの文は、測量法（昭和24 年法律第188 号）に規定された事項について述べたものである｡ 
ア ～ オ に入る語句の組合せとして最も適当なものはどれか｡次の中から選べ。

a. 国土交通大臣は、基本測量の測量成果を得たときは、当該測量の種類、精度並びにその実施の時期及び地域その他必要と認める事項を　ア　しなければならない。
b. 　イ　は、基本測量の測量成果のうち地図その他一般の利用に供することが必要と認められるものについては、これらを刊行し、又はこれらの内容である情報を電磁的方法（電子情報処理組織を使用する方法その他の情報通信の技術を利用する方法をいう｡）であって国土交通省令で定めるものにより不特定多数の者が提供を受けることができる状態に置く措置をとらなければならない。
c. ｢公共測量｣とは、基本測量以外の測量で次に掲げるものをいい、　ウ　に関する測量その他の局地的測量又は小縮尺図の調製その他の高度の精度を必要としない測量で政令で定めるものを除く。
　一 その実施に要する費用の全部又は一部を国又は公共団体が負担し、又は補助して実施する測量
　二 （略）
d. 公共測量の測量成果を使用して測量を実施しようとする者は、あらかじめ、当該測量成果を得た　エ　の承認を得なければならない。
e. 　オ　は、その業務を誠実に行ない、常に測量成果の正確さの確保に努めなければならない。",官報で公告　　　　　　国土地理院の長　地積　測量作業機関　測量業者,2. インターネットで公表　国土地理院の長　地物　測量計画機関　測量士,官報で公告　　　　　　国土交通大臣　　地積　測量作業機関　測量士,官報で公告　　　　　　国土交通大臣　　地物　測量計画機関　測量業者,インターネットで公表　国土地理院の長　地積　測量計画機関　測量士,4,"測量法に関する出題である。各文について考えると次のようになる。

国土交通大臣は、基本測量の測量成果を得たときは、当該測量の種類、精度並びにその実施の時期及び地域その他必要と認める事項を  　官報で公告　 しなければならない。
（測量法 第27条1：測量成果の公表及び保管）

　国土交通大臣　 は、基本測量の測量成果のうち地図その他一般の利用に供することが必要と認められるものについては、これらを刊行し、又はこれらの内容である情報を電磁的方法
　（電子情報処理組織を使用する方法その他の情報通信の技術を利用する方法をいう｡）であって国土交通省令で定めるものにより不特定多数の者が提供を受けることができる状態に置く措置をとらなければならない。（測量法 第27条2：測量成果の公表及び保管）

｢公共測量｣とは、基本測量以外の測量で次に掲げるものをいい、 　建　物　 に関する測量その他の局地的測量又は小縮尺図の調製その他の高度の精度を必要としない測量で政令で定めるものを除く。
（測量法 第5条：公共測量）

公共測量の測量成果を使用して測量を実施しようとする者は、あらかじめ、当該測量成果を得た 測量計画機関 の承認を得なければならない。
（測量法 第44条：測量成果の使用）

測量作業者 は、その業務を誠実に行ない、常に測量成果の正確さの確保に努めなければならない。
（測量法 第56条：業務処理の原則）

　よって、正しい選択肢の組合せは、４　となる。"
70,26,2,"次の文は、地理情報標準プロファイル（以下「JPGIS」という｡）について述べたものである。
明らかに間違っているものはどれか。次の中から選べ。",JPGIS は、地理空間データを整備及び使用する際、守るべきルールを整理したものである。,JPGIS は、地理情報に関する国際規格（ISO 規格）及び日本工業規格（JIS 規格）から基本的な要素を抽出し、体系化したものである。,JPGIS に従って地理空間データを整備することにより、異なる整備主体で整備された地理空間データの共用、システム依存性の減少などの効果がある。,JPGIS に従って作成された基盤地図情報は、国及び地方公共団体が連携して、整備・更新を進めており、インターネットを通じて無償で公開されている。,JPGIS に準拠した製品仕様書は、「作業規程の準則」に従ってデータを作成する場合には省略することができる。,5,"地理情報標準プロファイル（JPGIS）に関する問題である。各選択肢について考えると次のようになる。

1.正しい。これによりデータの記述等が統一され、データの相互活用ができるようになる。
2.正しい。地理情報標準の普及、促進のため、使い易く整理されたJPGISが作成されている。
3.正しい。特定のシステムに依存しないデータを得る事ができ、将来の相互利用性が確保される。
4.正しい。国土地理院のサイトに「基盤地図情報ダウンロードサービス」がある。
5.間違い。製品仕様書は測量計画機関がJPGISに準拠して定める必要がある。
品質評価の位置正確度等については、作業規程の準則の各作業工程が適用されるが、省略する事はできない。
製品仕様書とは、得ようとする測量成果の種類、内容、構造、品質等を示す仕様書の事である。

よって、明らかに間違っているのは、５である。"
71,26,3,"次のａ～ｅの文は、測量作業機関が、公共測量を行う場合に留意しなければならないことについて述べたものである。
明らかに間違っているものは幾つあるか。次の中から選べ。

a. 測量作業機関は、測量作業を円滑かつ確実に実行するため、適切な実施体制を整えなければならない。
b. 測量作業機関は、得ようとする測量成果の種類、内容、構造、品質等を示す仕様書を定めなければならない。
c. 測量作業機関は、測量計画機関から個人を特定できる情報を記載した資料が貸与された場合には、測量計画機関及び自社で定める個人情報保護方針に基づき、厳重な管理体制の下で作業を行う必要がある。
d. 測量作業機関は、作業中の緊急事態に備え、作業者の救急救命講習会への参加や社内での連絡体制確立など、安全確保のための対策を講じる必要がある。
e. 測量作業機関は、測量計画機関が検定の指示をした測量成果について、自社が測量成果の検定に関する技術を有している場合には、自社で検定を行うことができる。",０（間違っているものは１つもない）,１つ,２つ,３つ,４つ,3,"測量作業機関が公共測量を行う場合の留意点に関する問題である。問題各文について考えると次のようになる。

a.正しい。問題文の通り。（作業規程の準則 第9条1）
b.間違い。仕様書（製品仕様書）を定めるのは作業機関ではなく計画機関である。（作業規程の準則 第5条3）
c.正しい。計画・作業機関ともに、個人情報の保護等に関する法令を遵守し、これらに関する社会的慣行を遵守する必要がある。（作業規程の準則 第4条）
d.正しい。作業機関は、特に現地での測量作業において、作業者の安全の確保について適切な措置を講じなければならない。（作業規程の準則 第10条）
e.間違い。計画機関が指定する測量成果は、検定に関する技術を持つ第三者機関による検定を受けなければならない。（作業規程の準則 第15条）

　よって、間違っている文書は、ｂ，ｅの二つとなる。"
72,26,4,"次の文は、測量法における測量の基準について述べたものである｡ 
ア ～ オ に入る語句の組合せとして最も適当なものはどれか。次の中から選べ。

基本測量及び公共測量において、位置は　ア　及び平均海面からの高さで表示するが、場合により、直角座標及び平均海面からの高さ、極座標及び平均海面からの高さ又は地心直交座標で表示することができる、と規定され、　ア　は、　イ　に従って測定しなければならない。
　イ　とは、　ウ　及び扁平率が、　ア　の測定に関する国際的な決定に基づき政令で定める値であるものであること、中心が地球の重心と一致するものであること及び　エ　が地球の自転軸と一致するものであることの要件を満たす扁平な　オ　であると想定して行う　ア　の測定に関する測量の基準をいう｡
なお、距離及び面積は、　オ　の表面上の値で表示する。",地心経緯度　　　日本測地系　短半径　長軸　ジオイド,地心経緯度　　　世界測地系　長半径　短軸　ジオイド,地理学的経緯度　世界測地系　短半径　短軸　ジオイド,地理学的経緯度　世界測地系　長半径　短軸　回転楕円体,地理学的経緯度　日本測地系　短半径　長軸　回転楕円体,4,"測量法 第11 条にある、「測量の基準」に関する問題である。問題文に適切な語句を当てはめると次のようになる。

基本測量及び公共測量において、位置は 地理学的経緯度 及び平均海面からの高さで表示するが、場合により、直角座標及び平均海面からの高さ、極座標及び平均海面からの高さ又は地心直交座標で表示することができる、と規定され、 地理学的経緯度 は、 世界測地系 に従って測定しなければならない。

世界測地系 とは、 長半径 及び扁平率が、 地理学的経緯度 の測定に関する国際的な決定に基づき政令で定める値であるものであること、中心が地球の重心と一致するものであること及び 短軸 が地球の自転軸と一致するものであることの要件を満たす扁平な 回転楕円体 であると想定して行う地理学的経緯度 の測定に関する測量の基準をいう｡なお、距離及び面積は、 回転楕円体 の表面上の値で表示する。

　よって、正しい語句の組合せは４となる。"
73,26,5,"次のａ～ｅの文は、セミ・ダイナミック補正について述べたものである。
明らかに間違っているものだけの組合せはどれか。次の中から選べ。

a. セミ・ダイナミック補正は、地殻変動による基準点間のひずみの影響を基準点測量で得られた測量結果に補正し、元期（測量成果の位置情報の基準日）における基準点の測量成果を求めるためのものである。
b. 公共測量において、セミ・ダイナミック補正支援ソフトウェアを用いて補正を行う際には、世界測地系に準拠した座標値を入力する必要がある。
c. セミ・ダイナミック補正に使用する地殻変動補正パラメータファイルは、電子基準点などによって検出された地殻変動量をグリッド化して構築されているため、あらゆる地殻変動補正に使用できる。
d. セミ･ダイナミック補正に使用する地殻変動補正パラメータファイルは、適用期間が決められている。
e. １級基準点測量において、三角点を既知点とする場合は、セミ・ダイナミック補正を行う。",ａ、ｂ,ａ、ｄ,ｂ、ｅ,ｃ、ｄ,ｃ、ｅ,5,"セミ・ダイナミック補正に関する問題である。問題文は、「公共測量によるセミ・ダイナミック補正マニュアル」（2013.06：国土地理院）から出題されている。問題各文について考えると次のようになる。

a.正しい。問題文の通り。セミ・ダイナミック補正に関する説明文である。
（セミ・ダイナミック補正マニュアル 第1条）

b.正しい。セミ・ダイナミック補正を適用する基準点測量は、世界測地系に準拠した測量でなければならない。
よって、ソフトウェアにも世界測地系に準拠した座標値を入力する必要がある。
セミ・ダイナミック補正支援ソフトウェアとは、国土地理院が提供する、SemiDynaEXEを指す。

c.間違い。あらゆる地殻変動補正には使用できず、国土地理院が地殻変動補正パラメータを提供する地域だけである。
問題文のように、地殻変動補正パラメータは、電子基準点等によって検出された地殻変動量をグリッド化して構築されているが、周辺に電子基準点等が存在しない離島や局所的な変動地域については、パラメータが提供されない範囲となる。
（セミ・ダイナミック補正マニュアル 第3条）

d.正しい。国土地理院が提供する補正パラメータは、定期的に更新され、パラメータ毎に適用期間が設定されている。
（セミ・ダイナミック補正マニュアル 第4条）

e.間違い。電子基準点（付属標を除く）のみを既知点として使用する基準点測量である。
また、平成26年度から電子基準点のみを既知点とした２級基準点測量も行えるようになり、こちらもセミ・ダイナミック補正が必要となる。
（「電子基準点のみを既知点とした基準点測量マニュアル」：国土地理院）

　よって、間違っている文書は ｃとｅ であり、選択肢は５となる。"
74,26,8,"次の文は、公共測量におけるGNSS 測量機を用いた基準点測量について述べたものである。
明らかに間違っているものはどれか。次の中から選べ。",GNSS 測量では、GPS、GLONASS、準天頂衛星システムが使用できる。なお、準天頂衛星システムは、GPS と同等のものとして扱うことができる。,GNSS 衛星とGNSS 受信機の時計のずれに起因する誤差は、二重位相差による解析処理で消去することができる。,対流圏における電波の伝搬遅延に起因する誤差は、２周波の観測により軽減することができる。,ネットワーク型RTK 法では、固定局の観測データなどにより算出された補正データ又は面補正パラメータと移動局で得られた観測データを用い、位置を即時に決定することができる。,スタティック法による観測距離が10 ㎞以上のGNSS 観測において、GPS 衛星及びGLONASS 衛星を用いて観測する場合は６衛星以上を使用する。,3,"GNSS測量機を用いた、基準点測量に関する問題である。問題各文について考えると次のようになる。

1.正しい。問題文の通り。（作業規程の準則 第21条4）

2.正しい。二重位相差（２個の衛星と２個のGNSS受信機による位相（電波の波）の差）により、衛星時計と受信機時計の誤差を消去する事ができる。
干渉測位法では、４衛星３組の未知点における二重位相差から基線ベクトルを求めている。

3.間違い。２周波の電波を同時に受信できる１級GNSS測量機では、このL1とL2帯の同時受信を行う事により、電離層遅延の補正を行っている。
対流圏遅延は温度、気圧、湿度を用いて補正しているが、二重位相差を観測しているため、気象補正を行わなくとも遅延誤差が相殺されるため、標準的な気象状態の値を用いて補正を行っている。

4.正しい。ネットワーク型RTK法の概要である。問題文の通り。(作業規程の準則 第37条2の二のヌ)

5.スタティック法による観測距離が10㎞以上のGNSS観測において、GPS衛星及びGLONASS衛星を用いて観測する場合は６衛星以上を使用する。
正しい。問題文の通り。(作業規程の準則 第37条2の二のイ、ロ)

よって、間違っている文章は、３となる。"
75,26,9,"次の文は、公共測量における１級水準測量について述べたものである。
明らかに間違っているものはどれか。次の中から選べ。",直接水準測量の平均計算において、重量は観測距離の逆数を用いる｡,ジオイドモデルが高精度化し、ジオイド高が改定されても、直接水準測量で求められた水準点の標高は変わらない。,所定の検定を受けたレベル及び標尺は、観測着手前及び観測期間中の点検調整を省略できる。,新点で観測を行う場合には、永久標識の設置後24 時間以上経過してから行う。,永久標識を設置した水準点の水平位置を求めるには、ネットワーク型RTK 法を用いてもよい。,3,"１級水準測量に関する問題である。問題各文について考えると次のようになる。

1.正しい。直接水準測量の平均計算は、距離の逆数を重量とし、観測方程式又は条件方程式を用いて行うものとする。（作業規程の準則 第70条1）
2.正しい。直接水準測量にジオイド高は関係が無い。ジオイド高が必要なのは、GNSS測量機を用いた場合である。
3.間違い。点検調整は、観測着手前に行い、１級水準測量及び２級水準測量では、観測期間中おおむね１０日ごと行うものとする。（作業規程の準則 第63条2）
4.正しい。問題文の通り。（作業規程の準則 第64条4）
5.正しい。永久標識を設置した水準点については、GNSS測量（スタティック、短縮スタティック、）、キネマティック、RTK、ネットワークRTK法）を用いて、成果数値データファイルに記載するものとする。(作業規程の準則 第59条6)

　よって、明らかに間違っているものは、３となる。"
76,26,10,"次の(ア)～(エ)は、水準測量の誤差について述べたものであり、Ａ～Ｄは、それぞれの誤差対策を述べたものである。
水準測量の誤差とその対策として適当な組合せはどれか。表10 の中から選べ。

[誤差]
(ア）２本の標尺を使用して往復観測を行う場合、それぞれの標尺の目盛が正確に刻まれていないために生じる誤差
(イ）観測中に三脚の沈下により生じる誤差
(ウ）レベルの鉛直軸の傾きにより生じる誤差
(エ）レベルの槐準線が水平でないために生じる誤差

[対策]
A. 往路の出発点に立てる標尺と復路の出発点に立てる標尺を交換する。
B. ２本の標尺を結ぶ線上にレベルを置き、進行方向に対し三脚の特定の２本を常に視準線に平行に設置し、かつそのうちの特定の１本を常に同一標尺に向ける。
C. レベルと前視の標尺及び後視の標尺との距離を等しくする。
D. 標尺の読み取りを後視、前視、前視、後視の順に行う。

表10
(ア) (イ) (ウ) (エ)",Ｂ Ｄ Ａ Ｃ,Ａ Ｄ Ｂ Ｃ,Ｂ Ａ Ｄ Ｃ,Ａ Ｃ Ｂ Ｄ,Ｂ Ｃ Ａ Ｄ,2,"水準測量の誤差について、誤差とその対策を結び付ける問題である。（ア）～（エ）誤差の対策として考えられるものは、次の通りである。

(ア）２本の標尺を使用して往復観測を行う場合、それぞれの標尺の目盛が正確に刻まれていないために生じる誤差
[対策]（A）往路の出発点に立てる標尺と復路の出発点に立てる標尺を交換する。

(イ）観測中に三脚の沈下により生じる誤差
[対策]（D）標尺の読み取りを後視、前視、前視、後視の順に行う。

(ウ）レベルの鉛直軸の傾きにより生じる誤差
[対策]（B）２本の標尺を結ぶ線上にレベルを置き、進行方向に対し三脚の特定の２本を常に視準線に平行に設置し、かつそのうちの特定の１本を常に同一標尺に向ける。

(エ）レベルの槐準線が水平でないために生じる誤差
[対策]（C）レベルと前視の標尺及び後視の標尺との距離を等しくする。

　よって、誤差と正しい対策の組合せは、２となる。"
77,26,13,"次の ａ～ｄ の文は、公共測量において、現地測量により地図情報レベル1000 以下の数値地形図データを作成する場合のネットワーク型RTK 法による細部測量について述べたものである。
ア ～ オ に入る語句の組合せとして最も適当なものはどれか｡次の中から選べ。

a. GPS 衛星のみで観測を行う場合、使用する衛星数は５衛星以上とし、セット内の観測回数はFIX解を得てから　ア　エポック以上を標準とする。
b. TS 点を設置し、作業地域周辺の既知点において単点観測法により整合を確認する際は、既知点数は、　イ　点以上を標準とする。
c. 地形、地物等の測定は、　ウ　方式により１セット行うものとする。
d. 配信事業者から送信される　エ　を用いて即時に　オ　を行い、地形、地物等の位置を測定する。",１０　３　干渉測位　補正情報　基線解析,５　　３　干渉測位　時刻情報　基線解析,５　　２　単独測位　補正情報　基線解析,１０　２　干渉測位　補正情報　ネットワーク解析,５　　３　単独測位　時刻情報　ネットワーク解析,1,"ネットワーク型RTK法による細部測量に関する問題である。問題各文について考えると次のようになる。

a.GPS衛星のみで観測を行う場合、使用する衛星数は５衛星以上とし、セット内の観測回数はFIX解を得てから 10 エポック以上を標準とする。（作業規程の準則 第93条3）

b.TS点を設置し、作業地域周辺の既知点において単点観測法により整合を確認する際は、既知点数は、 3 点以上を標準とする。（作業規程の準則 第94条4のロ）

c.地形、地物等の測定は、 干渉測位 方式により１セット行うものとする。（作業規程の準則 第97条3）

d.配信事業者から送信される 補正情報 を用いて即時に 基線解析 を行い、地形、地物等の位置を測定する。（作業規程の準則 第37条2の2のヌ準用）

　よって、正しい語句の組合せは、１となる。"
78,26,14,"次のａ～ｄの文は、公共測量における地形測量のうち、トータルステーション（以下「TS」という｡）を用いた細部測量について述べたものである。
正しいものだけの組合せはどれか。次の中から選べ。

a. 測定した座標値等には、その属性を表すために原則として、分類コードを付すものとする。
b. 地形、地物等の測定において、TS による測量とRTK 法による測量とは、併用して実施してはならない。
c. 基準点又は TS 点にTS を整置し、放射法又は同等の精度を確保できる方法により地形、地物の位置を測定し、数値地形図データを取得する。
d. 地形の測定では、地性線及びジオイド高を測定し、図形編集装置によって等高線描画を行うものとする。",ａ，ｂ，ｃ,ａ，ｃ,ａ，ｄ,ｂ，ｃ，ｄ,ｂ，ｄ,2,"TSによる細部測量に関する問題である。問題各文について考えると次のようになる。

a.測定した座標値等には、その属性を表すために原則として、分類コードを付すものとする。
正しい。問題文の通り。（作業規程の準則 第96条5）

b.地形、地物等の測定において、TSによる測量とRTK法による測量とは、併用して実施してはならない。
間違い。併用できる。（作業規程の準則 第96条1）

c.基準点又はTS点にTSを整置し、放射法又は同等の精度を確保できる方法により地形、地物の位置を測定し、数値地形図データを取得する。
正しい。問題文の通り。（作業規程の準則 第96条1）

d.地形の測定では、地性線及びジオイド高を測定し、図形編集装置によって等高線描画を行うものとする。
間違い。ジオイド高ではなく、地性線及び標高値である。
ジオイド高とは楕円体高と標高の差である。
ジオイド高を直接測定する事はできない。（作業規程の準則 第96条3の1）

　よって、正しい文章はａ,ｃとなる。"
79,26,16,"次のａ～ｅの文は、公共測量における空中写真撮影の留意事項について述べたものである。
明らかに間違っているものだけの組合せはどれか。次の中から選べ。

a. 撮影計画においては、すべての主点位置が撮影区域内に収まるように設定する。
b. 同一コース内の隣接空中写真間の重複度は最小で53％、隣接コースの空中写真との重複度は最小で10％とする。
c. 撮影基準面は、撮影区域に対して一つを定めるが、高低差の大きい区域にあっては、航空機運航の安全を考慮し、数コース単位に設定することができる。
d. 撮影後に、空中写真上で対空標識が明瞭に確認できない場合は、必ず再設置をしなくてはならない。
e. 実際の撮影高度の、計画撮影高度に対するずれを評価する際には、撮影基準面高を考慮しなくてはならない。",ａ，ｂ,ａ，ｄ,ｂ，ｃ,ｃ，ｅ,ｄ，ｅ,2,"空中写真撮影に関する問題である。問題各文について考えると次のようになる。

a.間違い。撮影区域の外側まで主点位置（個々の撮影写真の中心）がないと、実体モデルを撮影区域内に納める事ができない（撮影区域内に実体空白部が生じる）。
（作業規程の準則 第125条1）

b.正しい。空中写真の重複度は撮影計画に基づいた適切な重複度となるよう努めなければならない。（作業規程の準則 第131条2,3）

c.正しい。問題文の通り。（作業規程の準則 第125条2）

d.間違い。対空標識が明瞭に確認できない場合は、対空標識設置総数のおおむね30％を超えない範囲で、刺針に代えることができる。（作業規程の準則 第118条2）

e.正しい。撮影高度は、対地高度に撮影区域内の撮影基準面高を加えたものである。

　よって、間違っている文章は、ａ，ｄとなる。"
80,26,17,"次のａ～ｅの文は、公共測量におけるGNSS/IMU 装置を用いた空中写真撮影について述べたものである｡ 
ア ～ オ に入る語句の組合せとして最も適当なものはどれか｡次の中から選べ。

a. GNSS/IMU 装置は、航空カメラとともにボアサイトキャリブレーションを行うものとし、その有効期間は　ア　である。
b. 固定局は、撮影区域内との基線距離を原則　イ　以内とする。
c. 撮影コース長は、　ウ　の累積誤差を考慮して概ね15 分以内で撮影できる距離とする。
d. GNSS 測量機のGNSS 観測データ取得間隔は、　エ　以下とする。
e. GNSS/IMU 装置は、撮影の前後に連続して　オ　以上の観測を実施するものとする。",６ヶ月　50 ㎞　　GNSS 　30 秒　1 分,１年　　50 ㎞　　IMU　　1 秒 　1 分,１年　　100 ㎞ 　IMU　　30 秒　5 分,１年　　100 ㎞ 　GNSS 　1 秒 　5 分,６ヶ月　50 ㎞　　IMU  　1 秒 　5 分,5,"GNSS/IMU装置を用いた空中写真撮影に関する問題である。ア～オに正しい語句を当てはめると次のようになる。

a.GNSS/IMU装置は、航空カメラとともにボアサイトキャリブレーションを行うものとし、その有効期間は 6ヶ月 である。（作業規程の準則 第122条2）

b.固定局は、撮影区域内との基線距離を原則 50㎞ 以内とする。（作業規程の準則 第125条8）
※やむを得ない場合でも70㎞を超えないものとする。

c.撮影コース長は、 IMU の累積誤差を考慮して概ね15分以内で撮影できる距離とする。（作業規程の準則 第125条7）

d.GNSS測量機のGNSS観測データ取得間隔は、 1秒 以下とする。（作業規程の準則 第132条3）

e.GNSS/IMU装置は、撮影の前後に連続して 5分 以上の観測を実施するものとする。（作業規程の準則 第132条4）

　よって、正しい語句の組合せは、５となる。"
81,26,18,"次の文は、公共測量における同時調整について述べたものである｡ 
ア ～ オ に入る語句の組合せとして最も適当なものはどれか。次の中から選べ。

同時調整では、　ア　を用いて、パスポイント、タイポイント、標定点の　イ　を測定し、標定点成果及び撮影時に得られた　ウ　を統合して調整計算を行い、各写真の　ウ　の成果値、パスポイント、タイポイント等の水平位置及び標高を決定する作業を行う｡
調整計算において、　エ　により取得された　ウ　を使用することで、これを使用しない場合と比較して、使用する標定点の点数を　オ　することができる。",デジタルステレオ図化機　写真座標　外部標定要素　GNSS/IMU装置　　　　少なく,デジタルステレオ図化機　地上座標　外部標定要素　GNSS/IMU装置　　　　多く,空中写真用スキャナ　　　写真座標　内部標定要素　デジタル航空カメラ　少なく,デジタルステレオ図化機　写真座標　内部標定要素　デジタル航空カメラ　多く,空中写真用スキャナ　　　地上座標　外部標定要素　デジタル航空カメラ　少なく,1,"空中写真測量における同時調整に関する問題である。ア～オに正しい語句を当てはめると次のようになる。

同時調整では、 デジタルステレオ図化機 を用いて、パスポイント、タイポイント、標定点の 写真座標 を測定し、標定点成果及び撮影時に得られた 外部標定要素 を統合して調整計算を行い、各写真の 外部標定要素 の成果値、パスポイント、タイポイント等の水平位置及び標高を決定する作業を行う｡
調整計算において、 GNSS/IMU により取得された 外部標定要素 を使用することで、これを使用しない場合と比較して、使用する標定点の点数を 少なく することができる。
（作業規程の準則 第157条 及び158条4）

※GNSS/IMUより外部標定要素が得られない場合（又は必要な精度が得られない場合）は、外部標定要素の観測データと基準点を使用して（または基準点のみで）調整計算を行う必要がある。"
82,26,22,"次のａ～ｅの文は、ユニバーサル横メルカトル座標系（UTM 座標系）と平面直角座標系（平成14年国土交通省告示第9 号）について述べたものである｡ 
ア ～ カ に入る語句の組合せとして最も適当なものはどれか。次の中から選べ。

a. UTM 座標系及び平面直角座標系ともに、　ア　図法を投影法として適用している。
b. UTM 座標系及び平面直角座標系の座標軸の北は、ともに　イ　方向である。
c. UTM 座標系では、中央経線から東西方向に約　ウ　km 離れたところで、縮尺係数は1.0000となり、この距離を越えたところでは、縮尺係数が1.0000 より　エ　なる。
d. UTM 座標系の一つのゾーン（座標帯）における南半球の座標値は、原点より南、かつ、西に位置する地点の座標値はすべて　オ　である。
e. 平面直角座標系の一つの系における座標値は、原点より南、かつ、西に位置する地点の座標値はすべて　カ　である。",ガウス・クリューゲル　真北　180　大きく　正(＋)　負(－),ガウス・クリューゲル　磁北　90 　小さく　負(－)　正(＋),ランベルト　　　　　　真北　90 　大きく　正(＋)　負(－),ランベルト　　　　　　磁北　180　小さく　負(－)　正(＋),ガウス・クリューゲル　真北　90 　大きく　負(－)　負(－),1,"ＵＴＭ座標系と平面直角座標系の特徴に関する問題である。正しい語句を当てはめると次のようになる。

a.UTM座標系及び平面直角座標系ともに、 ガウス・クリューゲル 図法を投影法として適用している。
b.UTM座標系及び平面直角座標系の座標軸の北は、ともに 真北 方向である。
c.UTM座標系では、中央経線から東西方向に約 180 km離れたところで、縮尺係数は1.0000となり、この距離を越えたところでは、縮尺係数が1.0000より 大きく なる。
d.UTM座標系の一つのゾーン（座標帯）における南半球の座標値は、原点より南、かつ、西に位置する地点の座標値はすべて 正（＋） である。
e.平面直角座標系の一つの系における座標値は、原点より南、かつ、西に位置する地点の座標 値はすべて 負（－） である。"
83,26,23,"次の文は、地理情報標準と日本版メタデータプロファイル第2 版（以下｢JMP2.0｣という｡）について述べたものである。
明らかに間違っているものはどれか。次の中から選べ。",地理情報標準では、地理情報システム（GIS）で扱うベクタデータのデータフォーマットを単一のものに定めているわけではない。,地理情報標準の利用が進むことで、地図データを整備する際の重複投資の排除が期待できる。,地理情報標準に準拠した製品仕様書は、データ作成時には発注時の仕様図書の一部として、データ交換時には説明書として使用することができる。,JMP2.0 で設定されているすべての記述項目は、国際標準化機構の地理情報に関する専門委員会（ISO/TC211）で定めている包括的メタデータの中に含まれている。,JMP2.0 では、位置に関する情報を住所で記述することは認められていない。,5,"地理情報標準(JSGI2.0)及びJMP2.0に関する問題である。問題各文について考えると次のようになる。

1.正しい。地理情報標準では、地理情報を異種システムにおいて相互利用する際に必要な、データ構造、記録方法、品質等を定めており、具体的なフォーマットを定めている訳ではない。

2.正しい。データを相互利用しやすくなり、異なる整備主体で整備されたデータの共用やシステムへの依存度が低くなるため、重複投資を排除する期待が持てる。

3.正しい。問題文の通り。共通のルールに沿って作成された製品仕様書は問題文のように使用する事ができる。

4.正しい。ISOにはコアメタデータを含む包括的メタデータ（約400項目）があり、JMP2.0ではこれと整合性を保ちながら、包括的メタデータから必要とされる項目をISOからピックアップしている。

5.間違い。位置情報は「住所」による記述である。"
84,26,24,"次の文は、地理空間情報活用推進基本法（平成19 年法律第63 号）における基盤地図情報について述べたものである。
明らかに間違っているものはどれか。次の中から選べ。",基盤地図情報は、電子地図上における地理空間情報の位置を定めるための基準とされている。,"都市計画基図、道路台帳図、河川基盤地図、国土地理院刊行の1/25,000 地形図は、基盤地図情報の整備に活用することができる。",国は、その保有する基盤地図情報を原則としてインターネットを利用して無償で提供することとされている。,基盤地図情報に係る項目は、国土交通省令で、測量の基準点、海岸線、道路の中心線、建築物の外周線などの13 項目が定められている。,基盤地図情報として必要な精度は、国土交通省令で、都市計画区域内及び都市計画区域外それぞれに定められている。,4,"地理空間情報活用推進基本法に関する問題である。問題各文について考えると次のようになる。

1.正しい。地理空間情報活用推進基本法 第2条3。

2.正しい。問題文のような基盤地図情報項目が含まれる測量成果を活用して整備・更新される。

3.正しい。地理空間情報活用推進基本法 第18条2。

4.間違い。基盤地図情報の項目としては、問題文にある項目を含み国土交通省令として13項目が定められている
（測量の基準点、海岸線、道路区域界、河川区域界、行政区画の境界線、道路縁、河川堤防の表法肩の法線、軌道の中心線、標高点、水涯線、建築物の外周線、市町村の町若しくは字の境界線、街区の境界線）。
この中に、問題文にある「道路の中心線」は含まれていない。

5.正しい。平面位置の誤差と高さの誤差がそれぞれ定められている。"
85,26,26,"次の文は、公共測量における用地測量について述べたものである。
明らかに間違っているものはどれか。次の中から選べ。",公図等転写連続図の作成において、隣接する公図間で字界の線形に相違がある場合は、接合部を合致させるための調整はせず、公図に記載されている字界をそのまま転写する。,境界点に既設の標識が設置されている場合は、関係権利者の同意を得ずにそれを境界点とすることができる。,境界測量は、近傍の４級基準点以上の基準点に基づき、放射法等により行うものとするが、やむを得ない場合は、補助基準点を設置し、それに基づいて行うことができる。,境界点間測量は、境界点の精度確認のため、隣接する境界点間又は境界点と用地境界杭を設置した点との全辺の距離について測定しなければならない。,平地における境界点間測量において、境界点間の距離が20ｍ未満の場合、計算値と測定値の較差の許容範囲は10 ㎜とする。,2,"用地測量の一般事項に関する問題である。各選択肢について考えると次のようになる。

1.正しい。公図等の転写において転写連続図は、無理な調整はせず、公図等に記載されているままに転写し作成する。（作業規程の準則 第396条）

2.間違い。境界確認において、境界点に既設の標識が設置されている場合は、関係権利者の同意を得てそれを境界点とすることができる。（作業規程の準則 第402条4）

3.正しい。問題文の通り。境界測量の方法に関する問題である。（作業規程の準則 第404条）

4.正しい。問題文の通り。境界点間測量では、境界測量の計算結果と比較を行う。（作業規程の準則 第409条2）

5.正しい。問題文の通り。境界点間の距離が20ｍ未満の場合、その格差の許容範囲は、平地で10㎜、山地で20㎜となる。（作業規程の準則 第409条2）"
86,26,28,"次の文は、公共測量における河川測量について述べたものである。
明らかに間違っているものはどれか。次の中から選べ。",距離標設置測量をネットワーク型RTK 法によって行う場合は、干渉測位方式により１セット行うものとし、間接観測法又は単点観測法を用いるものとする。,距離標は、あらかじめ地形図上で位置を選定し、その座標値に基づいて、近傍の３級基準点等から放射法等により設置するものとする。,水準基標は、２級水準測量により設置するものとし、設置間隔は5 ㎞から20 ㎞までを標準とする。,定期縦断測量は、平地では３級水準測量により行い、山地においては４級水準測量により行うものとする。ただし、地形、地物等の状況によっては、４級水準測量に代えて間接水準測量により行う事ができる。,定期縦断測量において、間接水準測量により行う場合の閉合差の許容範囲は、簡易水準測量の閉合差を準用する。,1,"河川測量の一般事項に関する問題である。問題各文について考えると次のようになる。

1.間違い。観測測位方式では、２セット行う。１セットではない。間接観測法又は単点観測法に関しては、問題文の通り。（作業規程の準則 第374条3）
※路線測量の線形決定条件点の設置方法と同様である。（作業規程の準則 第350条3の2）

2.正しい。問題文の通り。（作業規程の準則 第350条1）

3.正しい。問題文の通り。（作業規程の準則 第376条1～2）

4.正しい。問題文の通り。（作業規程の準則 第378条3）

5.正しい。問題文の通り。間接水準測量は、ＴＳを用いた単観測昇降式による往復観測である。（作業規程の準則 第378条3、第359条8 準用）"
87,31,1,"次のａ～ｅの文は，測量法（昭和24 年法律第188 号）に規定された事項について述べたものである。
明らかに間違っているものだけの組合せはどれか。次の中から選べ。

a. 　公共測量を実施する者は，当該測量において設置する測量標に，公共測量の測量標であること及び測量計画機関の名称を表示しなければならない。
b. 　測量計画機関は，自ら計画した測量を実施してはならない。
c. 　基本測量及び公共測量以外の測量を実施しようとする者は，あらかじめ，国土交通省令で定めるところにより，その旨を国土交通大臣に届け出なければならない。
d. 　基本測量若しくは公共測量に従事する者又はその他の者で，基本測量又は公共測量の測量成果をして，真実に反するものたらしめる行為をした者は，懲役又は罰金に処する。
e. 　基本測量の測量成果及び測量記録の謄本又は抄本の交付を受けようとする者は，国土交通省令で定めるところにより，国土交通大臣に申請をしなければならない。",a，c,a，d,b，d,b，e,c，e,4,"測量法に関する問題である。問題各文について考えると次のようになる。

a. 正しい。測量法 第37条「公共測量の表示等」に関する文章である。
　
b. 間違い。測量法 第7条「測量計画機関」に関する文章である。測量計画機関が、自ら計画を実施する場合には、測量作業機関となることができる。

c. 正しい。測量法 第46条「届出等」に関する文章である。

d. 正しい。測量法 第62条1「罰則」に関する文章である。1年以下の懲役又は50万円以下の罰金に処せられる。

e. 間違い。測量法 第28条「測量成果の公開」に関する文章である。申請するのは、国土交通大臣ではなく、国土地理院の長である。

よって、明らかに間違っている文章は、4.のb,eである。"
88,31,2,"次のａ～ｅの文は，国際地球基準座標系（International Terrestrial Reference Frame）（以下「ITRF」という。）について述べたものである。
明らかに間違っているものだけの組合せはどれか。次の中から選べ。

a. 　ITRF は，GNSS などの宇宙測地技術を用いた観測に基づき構築・維持されている。
b. 　ITRF のX 軸は経度0 度の子午線と赤道の交点を通る直線である。
c. 　ITRF のY 軸は東経90 度の子午線と赤道の交点を通る直線である。
d. 　ITRF で表される三次元直交座標（X，Y，Z）のZ の値は，標高である。
e. 　日本の測地成果は，ITRF が更新されると連動して更新される。",a，c,a，d,b，d,b，e,c，e,5,"世界測地系ITRF座標系に関する出題である。問題各文について考えると次のようになる。

a. 正しい。世界測地系は世界各国での共通利用を目的に、わが国を含む国際協力で構築されている。世界測地系は、VLBI、GNSS等の高精度な宇宙測地技術により構築維持されている。

b. 正しい。Ｘ軸をグリニッジ子午線（経度0度）と赤道との交点方向に、Ｙ軸を東経90度の方向に、Ｚ軸を北極の方向としている。

c. 正しい。Ｘ軸をグリニッジ子午線（経度0度）と赤道との交点方向に、Ｙ軸を東経90度の方向に、Ｚ軸を北極の方向としている。

d. 間違い。ITRF座標系では地球の重心に原点を置き、Z軸を北極（地軸の北端）にとっている。ITRFで表されるZの値は地球重心からの値、いわゆる楕円体高となる。ここから標高を求めるには（楕円体高－ジオイド高）を行う必要がある。

e. 間違い。2020年現在、日本の測地成果は「測地成果2011」である。これは2011年の東北地方太平洋沖地震に伴い大きな地殻変動が観測されたため測地成果2000が改定されたものである。
ITRF系は、常に最新の宇宙測地データを使って更新されていき、今後も精度を上げるような変更がなされるが、その変化量は非常に小さく、また、既に測量には十分な精度が得られているので実用上は我が国の測地基準系を変更する必要はない。

　よって、明らかに間違っているのは5．のd,eとなる。"
89,31,3,"次の文は，地理情報標準プロファイル（以下「JPGIS」という。）について述べたものである。
明らかに間違っているものはどれか。次の中から選べ。",JPGIS は，地理情報に関する国際規格（ISO 規格）及び日本工業規格（JIS 規格）の中から，基本的な要素を抽出し，体系化したものである。,測量計画機関が公共測量を実施しようとするときは，得ようとする測量成果の製品仕様書を，JPGIS に準拠して作成しなければならない。,JPGIS で定義する概念スキーマは，HTML（Hyper Text Markup Language）を使用して記述する。,JPGIS に準拠して整備されたデータがすべて同じXML 形式で作成されているわけではない。,国土地理院が整備した基盤地図情報は，JPGIS に準拠して作成されており，インターネットで無償で提供されている。,3,"1. 正しい。JPGISとは、地理情報標準プロファイル（Japan Profile for Geographic Information Standards）の略称で、最新の地理情報に関する国際規格（ISO191**シリーズ）、日本産業規格（JISX71**シリーズ）に準拠し、これら規格の中から実利用に必要な内容を抽出・体系化した実用版の規格であるJPGISが作成された。

2. 正しい。測量計画機関は得ようとする測量成果の種類、内容、構造、品質等を示す仕様書（以下「製品仕様書」という。）を定めなければならない。製品仕様書は、「地理情報標準プロファイル（JPGIS）」に準拠しなければならない。

3. 間違い。JPGISは地理空間情報の概念スキーマ（構造）を記述して符号化するための基本的な要素を抽出し体系化したものである。JPGISで定義するスキーマは統一モデル化言語（UML：Unified Modeling Language）が用いられている。

4. 正しい。JPGISはXML形式で符号化されているが、これには付属書8と付属書12の符号化規則がある。付属書8はISO19118附属書Aを参考に日本が独自に規定した符号化の方法で、付属書12はGML（Geography Markup Language：国際規格（ISO19136））と呼ばれる地理空間データをXMLを使用して符号化するための方法である。附属書8と附属書12は、UMLクラス図からXMLSchemaへのマッピング規則が異なるため、附属書8に基づく地理空間データと附属書12（GML）に基づく地理空間データは、異なるXML文書として表現される。

5. 正しい。基盤地図情報は、基盤地図情報25000（日本全国）基盤地図情報2500（日本全国の都市計画区域）基盤地図情報数値標高モデル（日本全国）などがある。公開方法は 各公開サイトからのダウンロードで、地図データ形式は基盤地図情報がJPGIS形式（XML形式）、国土数値情報はJPGIS形式、shape形式である。

　よって、明らかに間違っているのは3．となる。"
90,31,6,"次のａ〜ｅの文は，測量法（昭和24 年法律第188 号）における測量の基準について述べたものである。
明らかに間違っているものだけの組合せはどれか。次の中から選べ。

a. 　基本測量及び公共測量における位置は，地理学的経緯度及び平均海面からの高さで表示する。
ただし，場合により，地理学的経緯度及び楕円体からの高さで表示することができる。
b. 　基本測量及び公共測量における距離及び面積は，測量法で規定する回転楕円体の表面上の値で表示する。
c. 　測量の原点は，日本経緯度原点及び日本水準原点とする。ただし，離島の測量その他特別の事情がある場合において，国土地理院の長の承認を得たときは，この限りではない。
d. 　測量法で規定する世界測地系とは，地球を扁平な回転楕円体であると想定して行う地理学的経緯度の測定に関する測量の基準をいう。
e. 　測量法で規定する回転楕円体は，その中心が地球の重心と一致し，その長軸が地球の自転軸と一致するものである。","a, d","a, e","b, c","b, d","c, e",2,"測量の基準（測量法 第11条）に関する問題である。問題各文について考えると次のようになる。

a. 間違い。地理学的経緯度も直角座標も極座標も平均海面からの高さとなる。ただし、場合により地心直交座標で表示することができる（測量法 第11条1-1）。

b. 正しい。問題文の通りである。（測量法 第11条1-2）。

c. 正しい。問題文の通りである（測量法 第11条1-3）。

d. 正しい。問題文の通り（測量法 第11条3）

e. 間違い。測量法で規定する回転楕円体は、次の通りである。長軸ではなく短軸が自転軸と一致する。
1. その長半径及び扁へん平率が、地理学的経緯度の測定に関する国際的な決定に基づき政令で定める値であるものであること。
2. その中心が、地球の重心と一致するものであること。
3. その短軸が、地球の自転軸と一致するものであること。

よって、明らかに間違っているものは2．のa,eとなる。"
91,31,7,"次の文は，公共測量において実施するトータルステーションを用いた基準点測量の精度管理について述べたものである。
明らかに間違っているものはどれか。次の中から選べ。",観測に使用する主要な機器は，作業前及び作業中に適宜点検を行い必要な調整をする。,観測点における角観測の良否を判定するため，倍角差，観測差，高度定数の較差を点検する。,偏心点を設ける場合，偏心距離は測点間距離の6 分の1 以下とする。,既知点間の水平位置及び標高の閉合差を計算し観測の良否を判定する。,厳密水平網平均計算及び厳密高低網平均計算による新点位置及び新点標高の標準偏差の許容範囲は100 mm を標準とする。,5,"TSによる基準点測量に関する問題である。問題各文について考えると次のようになる。

1. 観測に使用する主要な機器は，作業前及び作業中に適宜点検を行い必要な調整をする。
正しい。問題文の通り（作業規程の準則 第14条3）。

2. 正しい。観測値の点検及び再測（作業規程の準則 第38条1）。観測値について点検を行い、許容範囲を超えた場合は、再測するものとする。水平角観測では倍角差、観測差。鉛直角観測では高度定数の較差について点検を行う。

3. 正しい。作業規程の準則 第23条2 １～４級基準点測量における偏心距離の制限は、S/e≧6 ここで、Sは「測点間距離」とある。電子基準点のみを既知点とする場合は「新点間の距離」である。

4. 正しい。点検路線は既知点と既知点を結合させ、選定されたすべての点検路線について、水平位置および標高の閉合差を計算し、観測地の良否を判定する必要がある（作業規程の準則 第42条1）。

5. 間違い。新点位置の標準偏差の許容範囲は100㎜、新点標高の標準偏差の許容範囲は200㎜である（作業規程の準則 第43条3-1-ハ）。

　よって、明らかに間違っている文章は5．となる。"
92,31,9,"次の文は，公共測量におけるGNSS 測量機を用いた基準点測量について述べたものである。
明らかに間違っているものはどれか。次の中から選べ。",対流圏における電波の伝搬遅延に起因する誤差は，２周波の観測により軽減することができる。,アンテナ位相特性が異なるアンテナ同士でのGNSS 測量では，PCV 補正を適用することにより異機種間観測での精度を確保することができる。,GPS，準天頂衛星システム，GLONASS の衛星を組み合わせて測量を行うことができる。,GNSS 衛星の軌道情報は放送暦を使用する。,ネットワーク型RTK 法は，配信事業者で算出された補正データ又は面補正パラメータを，携帯電話などの通信回線を介して移動局で受信し，移動局側において即時に解析処理を行い位置を求める観測方法である。,1,"GNSS測量機を用いた基準点測量に関する問題である。問題各文について考えると次のようになる。

1. 間違い。2周波の観測で軽減できるのは、「電離層遅延誤差」である。対流圏遅延誤差を軽減するためには、気象補正を基線解析ソフトに設定されているデフォルト値を用いて行うことである。

2. 正しい。PCVとはGNSS衛星からの電波の入射角に応じてアンテナの受信位置が変化する状況をいう。このズレの量を補正することにより受信位置の補正が行われる。他機種のアンテナや電子基準点を使用する場合にはPCV補正量を用いて基線解析を行う必要がある。同機種のアンテナではPCV補正の必要はない。

3. 正しい。スタティック法ではGPS・準天頂衛星を使用する場合は４衛星以上。GPS・準天頂衛星とGLONASS衛星を併用する場合は同時に５衛星の使用が必要である。

4. 正しい。放送暦とは個々の衛星の軌道情報でありこれを使用する必要がある。軌道情報とは大きく概略暦、放送暦、精密暦とあり、概略暦と放送暦はGNSS衛星から航法メッセージの一つとして送信されている。放送暦には、GNSS衛星の位置座標を決めるのに必要な軌道傾斜角、昇交点赤経、近地点引数、長半径、離心率、平均近点離角と呼ばれる軌道要素と楕円の形の時間変化を表す補正係数が含まれている。

5. 正しい。ネットワーク型RTK法の概要である。ネットワーク型RTK法は現地で受信された衛星データと３点以上の電子基準点からの補正情報を組合せてリアルタイムで現地の位置を求める手法である。補正情報はデータ配信事業者からリアルタイムで配信され、VRS（仮想基準点）方式とFKP（面補正パラメータ）方式がある。基準局設置の必要がなく、従来に比べて省力化とコストダウンが図れる。

よって、明らかに間違っているのは1．となる。"
93,31,11,"次の文は，公共測量におけるGNSS 測量機を用いた標高の測量（以下「GNSS 水準測量」という。）について述べたものである。
明らかに間違っているものはどれか。次の中から選べ。",GNSS 水準測量では，スタティック法により観測を行う。,GNSS 水準測量では，既知点として，水準測量により標高が取り付けられた電子基準点を使用することができる。,GNSS 水準測量では，セミ・ダイナミック補正を行う。,GNSS 水準測量では，高精度なジオイド・モデルを用いることにより，近傍に水準点がない場合でも３級水準点を設置することができる。,GNSS 水準測量では，電波の大気遅延が高さ方向の精度に影響することから，観測時の気象条件に十分注意する。,3,"GNSS測量による標高の測量マニュアル（H29.2）（GNSS水準測量）に関する問題である。
　問題各文について考えると次のようになる。

1. 正しい。GNSS水準測量はスタティック法により観測を行う。使用衛星数はGPS・準天頂衛星の場合５衛星以上、GPS・準天頂衛星及びGLONASSの場合６衛星以上である。

2. 正しい。GNSS水準測量を行う場合の既知点の種類は、一～二等水準点、電子基準点（「標高区分：水準測量による」に限る）、１～２級水準点である。また既知点数は３点以上である。

3. 間違い。マニュアルの改正前は、既知点座標及び楕円体高はセミ・ダイナミック補正による今期座標としていたが、マニュアル改正後は、元期以降に標高成果を改正している場所においてセミ・ダイナミック補正を行うと、二重補正となるためセミ・ダイナミック補正を行いわないものとした。

4. 正しい。高精度化されたジオイド・モデル「日本のジオイド2011 ver.2」が整備された。これによりGNSS水準測量が実施できるようになった。

5. 正しい。作業地域の気象条件に注意する必要があるのは、電波の大気による遅延（大気遅延）である。大気遅延は基線解析ソフトに設定されている標準値を用いて補正され、電離層遅延はL1L2の２周波数帯の組合せで消去される。

　よって、明らかに間違っている文章は3．となる。"
94,31,12,"次のａ～ｅの文は，水準測量における誤差とその対策について述べたものである。
　ア　 ～　　　オ　 に入る語句の組合せとして最も適当なものはどれか。
次の中から選べ。

a. 　標尺の零目盛が正しくないために生じる誤差を零点誤差といい，レベルのすえつけ回数を 　ア　 にすることで消去できる。
b. 　レベルの鉛直軸が傾いているために生じる誤差を鉛直軸誤差といい，前後の標尺を結ぶ直線上にレベルを置き，三脚の特定の１本を常に 　イ　 に対向するように整置し観測することで小さくすることができる。
c. 　レベルの視準線と 　ウ　 が平行でないために生じる誤差を視準線誤差といい，前視・後視の視準距離を等しくすることで消去できる。
d. 　地表面に近づくと気温が高くなり大気密度が変化することにより視準線が屈折し生じる誤差を大気の屈折誤差といい，傾斜地において視準距離を 　エ　 し，地表に近い標尺の下方付近での観測を避けることにより小さくすることができる。
e. 　地球の曲率によって生じる誤差を 　オ　 による誤差といい，前視・後視の視準距離を等しくすることで消去できる。",偶数回　　同一の標尺　　鉛直軸　　　　短く　　球差,奇数回　　同一の標尺　　鉛直軸　　　　長く　　球差,奇数回　　異なる標尺　　気ほう管軸　　短く　　気差,偶数回　　異なる標尺　　鉛直軸　　　　長く　　気差,偶数回　　同一の標尺　　気ほう管軸　　短く　　球差,5,"水準測量の誤差に関する問題である。ア～オに入る語句を考えると次のようになる。

ア：偶数回：零目盛誤差は往路と復路の標尺を入替えることや測定回数を偶数回にすることにより消去できる

イ：同一の標尺：鉛直軸誤差は、望違鏡の鉛直軸が傾いているために生じる誤差である。この誤差は、三脚の特定の１本を常に同一の標尺に向けて整置し、観測することで小さくすることができる。

ウ：気ほう管軸：視準線誤差の消去法である。視準線誤差は視準線と気泡管軸が平行でないために生じる誤差である。

エ：短く：大気の屈折誤差は、大気密度の大きい上方に視準線（光）が曲がる誤差である。特に傾斜地では地表面近くを視準することになるため、問題文のように視準距離を短くする必要がある。

オ：球差：地球が球面体であるために生じる誤差。視準距離を等しくすることにより、誤差が打ち消しあい消去される。

　よって、正しい語句の組み合わせは5．となる。"
95,31,15,"次の文は，公共測量における地形測量のうち，トータルステーション（以下「TS」という。）又はGNSS 測量機を用いた現地測量について述べたものである。
明らかに間違っているものはどれか。
次の中から選べ。",TS による測量で地形，地物などの測定を行う場合は，必ずRTK 法による測量を併用して実施する必要がある。,ネットワーク型RTK 法により観測を行う場合は，観測点において上空視界が確保できれば，GNSS 測量機1 台で観測作業を行うことができる。,ネットワーク型RTK 法による地形，地物などの測定は，間接観測法又は単点観測法により行う。,キネマティック法又はRTK 法による地形，地物などの測定は，基準点又はTS 点にGNSS 測量機を整置し，放射法により行う。,キネマティック法又はRTK 法によるTS 点の設置で，GPS 衛星と準天頂衛星を用いて観測する場合，使用する衛星数は5 衛星以上とし，セット内の観測回数はFIX 解を得てから10 エポック以上行うことを標準とする。,1,"TS又はGNSS測量機を用いた現地測量に関する問題である。問題各文について考えると次のようになる。

1. 間違い。現地測量では、TS等又はGNSS測量機を用いて、又は併用して、地形、地物等を測定し、数値地形図データを作成する作業である。

2. 正しい。ネットワーク型RTK法では、配信事業者から配信されたデータとGNSS衛星からのデータを移動局で受信して解析処理後に基線ベクトルを求める手法である。GNSS測量機１台での観測作業が可能である。

3. 正しい。問題文の通りである。間接観測法は２台同時観測方式または１台準同時観測方式により基線ベクトルを求める。

4. 正しい。問題文の通りである。観測は１セット、使用衛星数は５個以上（GPS・準天頂衛星を使用）である。

5. 正しい。問題文の通り。データ取得間隔は１秒以上（キネマティック法は５秒以下）である。

　よって、明らかに間違っているのは１．となる。"
96,31,16,"次のａ～ｃの文は，地上レーザスキャナを用いた地形測量及び地上レーザスキャナを用いた三次元点群データ作成について述べたものである。
　ア　 ～ 　エ　 に入る語句の組合せとして最も適当なものはどれか。
次の中から選べ。

a. 　地形測量では，地上レーザスキャナで取得された高密度の標高値群とその 　ア　 を基に地物などを描画していく。
b. 　三次元点群データ作成とは， 　イ　 から地形を捉えられなかった点を除去していき，地形を表現する標高値の集合を作成することである。
c. 　航空レーザ測量では，上空から地上に向けて 　ウ　 を照射するため， 　エ　 によって地表面を識別できる。
そのため，電線や樹木といった数値地形図データ作成に不必要な情報を自動的に除去しやすい。
一方で，地上レーザ測量では，不必要な情報は 　エ　 のみによっては自動的に除去することが比較的難しいため，地上レーザ測量の対象地域は 　ウ　 を遮るものが少ない地域に限定することが望ましいと考えられる。",波長　　　三次元観測データ　ラストリターンパルス　レーザ光,波長　　　数値地形モデル　　レーザ光　　　　　　　ラストリターンパルス,反射強度　三次元観測データ　レーザ光　　　　　　　ラストリターンパルス,反射強度　三次元観測データ　ラストリターンパルス　レーザ光,反射強度　数値地形モデル　　レーザ光　　　　　　　ラストリターンパルス,3,"地上レーザスキャナを用いた公共測量マニュアル（案）H30年3月 からの出題である。
ア　～　ウ　に入る語句を考えると次のようになる。

ア：反射鏡度：照射した地形・地物から反射してきたレーザ光の強度を受光することによって、反射強度が異なる地形・地物を分類することが可能である。

イ：三次元観測データ：三次元観測データとは、レーザスキャナで取得された標高値群とその反射強度を言う。三次元点群データ作成ではこの三次元観測データから地形を捉えることのできなかった点を除去し地形を地表面標高値の集合体（数値地形モデル：DTM）を作成することである。

ウ：レーザ光：上空から地上に向けて照射されるのはレーザ光である。

エ：ラストリターンパルス：照射されたレーザは、点ではなく円形の面となり様々な所で反射して最後に地表面で反射する。最初に照射部から近い樹木や地物等で反射してくる光をファーストリターンパルス。最後にレーザ照射部分から一番遠い地表面で反射されて戻る光をラストリターンパルスと呼ぶ。
このためラストリターンパルスにより地表面を識別でき、他の不必要な情報（樹木や地物）を除去しやすい。地表面が一切露出していない対象地域では、この地表面の識別ができないため、点群データ作成のための地上レーザ測量の対象地域では、ラストリターンパルスを遮るものが少ない（地表面が露出している）地域に限定されることが望ましい。

　よって、最も適当な語句の組み合わせは3．となる。"
97,31,19,"次の文は，公共測量においてUAV（無人航空機）による空中写真を用いた三次元点群データの作成を行う際の注意点について述べたものである。
明らかに間違っているものはどれか。
次の中から選べ。",目的に応じて三次元点群データの位置精度を設定し，それに合わせて撮影を計画する。,対空標識の設置に当たっては，あらかじめ土地の所有者又は管理者の許可を得る。,撮影対象の比高が大きく変化する場合でも，三次元点群データの位置精度の確保のため撮影基準面は撮影対象地域全体で一定としなければならない。,作成した三次元点群データの位置精度を評価するため，標定点のほかに検証点を設置する。,撮影計画の確認や機器の点検のため試験飛行を行い，状況に合わせて臨機応変に計画を変更できるようにする。,3,"UAVによる三次元点群作成（UAVを用いた公共測量マニュアル（案）H29年3月改正）に関する問題である。問題各文について考えると次のようになる。


1. 正しい。作成する三次元点群の位置精度はその目的に応じて設定し、それぞれの位置精度に必要な作業を行う。

2. 正しい。標定点及び検証点には対空標識を設置する必要があり、当然設置される土地の所有者、管理者の許可を得る必要がある。

3. 間違い。撮影基準面は、撮影地域に対して一つを定めることを標準とするが、比高の大きい地域にあっては、数コース単位に設定することができる。

4. 正しい。標定点とは別に三次元点群の検証を行う点（検証点）を設置し、検証点は標定点からできるだけ離れた場所に、計測対象範囲内に均等に配置することを標準とする。設置する検証点の数は、設置する標定点の総数の半数以上を標準とする。

5. 正しい。UAVを飛行させるに当たっては、撮影計画が実際に適合するか確認する飛行（試験飛行）を行い、機器の点検と撮影計画の点検を行う。また、撮影計画は、撮影時の明るさや風速、風向、地形・地物の経年変化等により、現場での見直しが生じることを考慮しておく。

　よって、明らかに間違っているのは3.となる。"
98,31,20,"次のａ～ｅの文は，リモートセンシングについて述べたものである。
明らかに間違っているものだけの組合せはどれか。
次の中から選べ。

a. 　光学センサで使用する電磁波の波長はマイクロ波センサで使用するものより長いため，雲の影響を受けない。
b. 　合成開口レーダー（SAR）は，対象物に電磁波を照射し，その反射波を受信して地表面の状態を把握する能動型センサである。
c. 　合成開口レーダー（SAR）に使用される周波数帯には，L バンド，X バンドなどがあり，X バンドの方がL バンドより波長は長く樹木などを透過しやすい。
d. 　近赤外線は，可視光線に比べて植生からの反射率が高い。
e. 　熱赤外線センサは，対象物からの熱放射を観測するため，夜間も観測することができる。",a，c,a，d,b，d,b，e,c，e,1,"リモートセンシング（以下、リモセン）に関する問題である。問題各文について考えると次のようになる。

a. 間違い。光学センサは可視・近赤外リモセンと熱赤外リモセンに分類される。可視・近赤外は太陽光が地上の物体に当たることで反射する可視光線や近赤外線を捉えて観測する方法。熱赤外は太陽光で暖められた地表から放出される熱赤外線を捉えて観測する方法である。どちらも雲がある場合は、地表で反射（放出）されるものが遮られるため観測できない。

b. 正しい。合成開口レーダとは、自ら電波を発出し、対象物から反射された電波を受信し映像化するものであり。能動型とは、地球観測衛星に載せられたセンサから自らマイクロ波（電波）を発射し、地表面から反射されるマイクロ波をとらえて観測地表面の状況や災害等の監視、降雨等の計測に使用される。受動型とは、地表面から自然に放射されているマイクロ波を観測する。自然に放射されるマイクロ波の強さは、海面温度、積雪量、氷の厚さ等の観測に適している。

c. 間違い。SARに使用される周波数帯はC（37.5～75㎜）,L（150～300㎜）,X（24～37.5㎜）バンド（波長）がある。XバンドよりLバンドの方が波長は長く、波長の長い電磁波のほうが樹木などを透過しやすい。

d. 正しい。近赤外線は家電製品のリモコンや赤外線カメラなどに利用される。植生は太陽光の可視域（可視光線）の反射が低く、近赤外域の反射が非常に強いという分光反射特性をもつ。

e. 正しい。熱赤外線センサは太陽の光を浴びて暖められた地表の表面から放出される熱赤外線をとらえて観測する。放射の強さにより、地面や海の表面温度などが計測される。熱赤外リモートセンシングは、雲がなければ夜でも地表を観測することができる。

よって、明らかに間違っているのは、1．a,c　となる。"
99,31,22,"次のａ～ｅの文は，地図投影法について述べたものである。
明らかに間違っているものだけの組合せはどれか。
次の中から選べ。

a. 　地図投影法とは，立体である地球の表面を平面の地図に表すための方法のことを指すが，必ず何らかのひずみが生じるため，表現したい地図の目的に応じて投影法を選択する必要がある。
b. 　正距図法で作成した地図は，世界全体や大陸規模のような広い範囲における植生，人口などの分布図・密度図を示す場合に用いられている。
c. 　正角図法は，地球上と地図上との対応する点において，任意の2 方向のきょう角が等しくなり，ごく狭い範囲での形状が相似となる図法である。
d. 　国土地理院がインターネットで公開している地図情報サービス「地理院地図」は，極域の一部地域を除外した範囲をメルカトル投影の数式を使って作成した地図画像を使用している。
e. 　正距方位図法で作成した地図は，地図上で選んだどの点においても距離と方位が正しく表現されている。",a，b,a，d,b，d,b，e,c，e,4,解説なしだなぁ
100,31,23,"次の文は，地理情報標準プロファイル（以下「JPGIS」という。）について述べたものである。
　ア　 ～ 　オ　 に入る語句の組合せとして最も適当なものはどれか。
次の中から選べ。

　JPGIS は，地理空間情報の概念スキーマを記述し 　ア　 するために必要となる基本的な要素を抽出して体系化したものである。
地理空間情報を地球上の位置と関連づけることを 　イ　 といい，座標を直接用いて位置を参照する仕組みと郵便番号や行政コードなどから間接的に場所を特定する仕組みがある。
このうち，後者を 　ウ　 による 　イ　 という。
　エ　 は，データ（製品）に関する説明情報である。
　エ　 の検索を行える 　オ　 を利用することで，利用者がデータの品質を確認できるため，安心して利用することができる。",符号化　　空間参照　地理識別子　　メタデータ　　　　　クリアリングハウス,符号化　　構造化　　地理識別子　　クリアリングハウス　メタデータ,符号化　　空間参照　地物カタログ　メタデータ　　　　　クリアリングハウス,クラス化　構造化　　地物カタログ　クリアリングハウス　メタデータ,クラス化　構造化　　地理識別子　　メタデータ　　　　　クリアリングハウス,1,解説はないんだなぁ
101,31,24,"次のａ〜ｅの文は，地理空間情報活用推進基本法（平成19 年法律第63 号）における基盤地図情報について述べたものである。
明らかに間違っているものだけの組合せはどれか。
次の中から選べ。

a. 　基盤地図情報の項目は，国土交通省令で，測量の基準点，海岸線，道路縁，建築物の外周線など，13 項目が定められている。
b. 　国土地理院が作成する基盤地図情報は，基本測量成果である。
c. 　都市計画区域内の基盤地図情報の平面位置の誤差は5.0 m 以内，高さの誤差は1.0 m 以内である。
d. 　基盤地図情報を整備，更新する場合は，既存の成果がある場合でも，新規で作成することを推奨している。
e. 　基盤地図情報を提供しようとする場合の適合すべき規格には，国際標準化機構（ISO）が定めた規格が含まれる。",a，b,a，e,b，d,c，d,c，e,4,解説がないということもある
102,31,26,"次の文は，公共測量における用地測量について述べたものである。
明らかに間違っているものはどれか。
次の中から選べ。",公図等転写連続図の作成において，字界の線形が隣接する公図間で相違し，そのままでは接合が困難な部分があるため，接合部が合致するように字界を編集した。,復元測量において，復元すべき位置に仮杭を設置する場合は，関係権利者への事前説明を実施するが，原則として関係権利者による立会いは行わない。,権利者確認調査のため，測量計画機関から貸与された資料を基に権利者調査表を作成した。,平地における境界点間測量において，隣接する境界点間の距離が20 m 未満であるため，較差の許容範囲を10 mm として，境界測量で求めた座標値から計算した距離とトータルステーションなどを用いて測定した距離の比較を行った。,面積計算は，境界測量の成果に基づき，各筆などの取得用地及び残地の面積を算出し面積計算書を作成する作業であり，原則として座標法により行う。,1,解説はなくてもいいでしょう
103,31,28,"次の文は，公共測量における河川測量について述べたものである。
明らかに間違っているものはどれか。
次の中から選べ。",定期縦断測量では，左岸又は右岸いずれかの距離標の標高並びに堤防の変化点の地盤及び主要な構造物について，距離標からの距離及び標高を測定する。,水準基標測量は，水準基標の標高を定める作業であり，2 級水準測量により行う。,"深浅測量の水深の測定は，音響測深機を用いて行う。
ただし，水深が浅い場合は，ロッド又はレッドを用いて行う。",定期横断測量は，左右距離標の視通線上の地形の変化点などについて，距離標からの距離及び標高を定期的に測定し，横断面図データファイルを作成するものである。,距離標設置測量では，距離標を設置するために，近傍の３級基準点からネットワーク型RTK 法を用いることができる。,1,解説とは
